Brand_c,Price,Kilometers,Seats,Doors,Brand_Model_code,Car_Age,Country_c,Gearbox_c,Fuel_c,Seller_c,Type_c,Drivetrain_c,Upholstery_c,Color_c,Body_Type_c
22,69990.0,15.0,5.0,5.0,22.999,1,0,0,0,0,3,1,1,0,0
17,237500.0,5468.0,2.0,2.0,17.999,6,3,0,0,0,0,1,1,0,1
17,94890.0,156852.0,2.0,5.0,17.999,31,0,1,0,0,0,2,1,0,4
17,62000.0,30.0,5.0,5.0,17.131,1,1,1,0,0,0,0,0,2,1
17,74900.0,500.0,4.0,5.0,17.131,2,6,0,0,0,4,1,0,1,1
5,60448.0,15.0,5.0,4.0,5.999,0,3,0,1,0,0,1,1,0,0
5,74490.0,9990.0,7.0,5.0,5.773,1,0,0,2,0,3,1,1,0,0
21,68900.0,4157.0,5.0,4.0,21.766,1,3,0,2,0,0,1,0,0,1
21,69995.0,12056.0,7.0,5.0,21.999,1,3,0,2,0,0,1,1,0,0
21,63850.0,13431.0,7.0,5.0,21.999,2,0,0,1,0,0,1,1,1,0
21,94680.0,5.0,7.0,5.0,21.999,1,0,0,2,0,3,1,1,0,0
21,89990.0,8000.0,7.0,5.0,21.999,1,4,0,2,0,3,1,1,0,0
21,86240.0,9900.0,7.0,5.0,21.999,1,0,0,2,0,3,1,1,1,0
10,78780.0,400.0,5.0,5.0,10.706,1,0,0,1,0,0,1,1,1,0
10,75990.0,56.0,5.0,5.0,10.706,1,3,0,1,0,0,1,1,2,0
18,139975.0,6500.0,5.0,5.0,18.999,3,0,0,0,0,0,1,1,1,0
18,119900.0,1.0,5.0,5.0,18.999,0,3,0,2,0,1,1,1,0,0
18,69490.0,10.0,5.0,5.0,18.322,0,1,0,0,0,2,1,3,0,0
18,142900.0,6500.0,5.0,5.0,18.999,3,0,0,0,0,0,1,1,1,0
18,214900.0,10.0,5.0,5.0,18.999,0,0,0,0,0,1,1,1,0,0
18,88900.0,33155.0,5.0,5.0,18.999,3,3,0,2,0,0,1,1,0,0
13,71490.0,5000.0,7.0,5.0,13.999,2,0,0,3,0,3,1,1,1,0
27,234890.0,15.0,5.0,5.0,27.706,0,0,0,0,0,1,1,1,3,0
27,119950.0,1500.0,5.0,5.0,27.885,0,3,0,2,0,3,1,1,0,0
27,65990.0,54900.0,5.0,5.0,27.706,5,0,0,1,0,0,1,1,0,0
27,68995.0,133124.0,5.0,5.0,27.885,5,3,0,1,0,0,1,1,6,0
27,66780.0,0.0,5.0,3.0,27.885,0,3,0,1,0,1,1,2,0,0
27,229490.0,2500.0,2.0,5.0,27.706,0,3,0,0,0,3,1,1,1,0
27,101995.0,24822.0,5.0,5.0,27.706,2,3,0,2,0,0,1,1,0,0
27,64950.0,36253.0,2.0,3.0,27.885,9,3,1,1,0,0,1,1,0,7
27,98800.0,27854.0,5.0,5.0,27.706,2,1,0,5,0,0,1,1,0,0
27,61950.0,44850.0,5.0,5.0,27.706,4,0,0,2,0,0,1,1,0,0
27,108500.0,15.0,2.0,5.0,27.706,0,3,0,2,0,1,1,1,1,0
27,66990.0,100.0,5.0,5.0,27.885,0,0,0,1,0,1,1,2,0,0
27,136500.0,19900.0,5.0,5.0,27.999,2,3,0,2,0,0,1,0,1,0
27,72900.0,49990.0,5.0,5.0,27.885,3,3,0,1,0,0,1,1,0,0
27,111950.0,20273.0,5.0,5.0,27.706,3,2,0,2,0,0,1,1,1,0
27,69667.0,0.0,5.0,3.0,27.885,0,3,0,1,0,1,1,3,0,0
27,89500.0,32410.0,5.0,5.0,27.885,3,2,0,2,0,0,1,1,0,0
27,72400.0,72250.0,5.0,5.0,27.706,6,0,0,0,0,0,1,1,0,0
27,91990.0,2700.0,5.0,5.0,27.885,2,3,0,2,0,0,1,1,1,0
27,64700.0,17056.0,5.0,5.0,27.509,3,2,0,2,0,0,1,1,0,0
27,72495.0,45286.0,5.0,5.0,27.706,6,2,0,0,0,0,1,1,2,0
27,74950.0,20000.0,5.0,3.0,27.885,1,3,0,1,0,0,1,1,0,0
27,115900.0,96863.0,5.0,5.0,27.999,3,1,0,5,0,0,1,3,0,3
27,62895.0,33000.0,6.0,5.0,27.885,4,0,0,1,0,0,1,1,1,0
27,78990.0,63395.0,5.0,5.0,27.999,3,3,0,1,0,0,1,1,1,0
27,74990.0,35000.0,5.0,4.0,27.885,3,0,0,2,0,0,1,0,0,0
27,87490.0,29000.0,5.0,5.0,27.706,5,0,0,0,0,0,1,1,2,0
27,67500.0,47310.0,5.0,5.0,27.885,4,3,0,0,0,0,1,1,7,0
27,121970.0,20711.0,5.0,5.0,27.885,2,0,0,0,0,0,1,1,0,0
27,68900.0,34000.0,5.0,5.0,27.885,2,1,0,5,0,0,1,1,1,0
27,61699.0,66080.0,5.0,5.0,27.885,3,3,0,1,0,0,1,1,7,0
27,69990.0,6666.0,3.0,3.0,27.885,3,3,0,1,0,0,0,0,6,0
27,81900.0,20.0,7.0,5.0,27.885,2,0,0,1,0,0,1,1,1,0
27,232220.0,0.0,2.0,5.0,27.706,0,3,0,0,0,1,1,1,5,0
27,73900.0,7500.0,5.0,3.0,27.885,1,0,0,1,0,0,1,1,0,0
27,62750.0,53230.0,5.0,4.0,27.509,5,0,0,0,0,0,1,0,0,0
27,299890.0,15.0,5.0,5.0,27.999,0,0,0,0,0,1,1,1,0,0
27,90900.0,28756.0,5.0,5.0,27.706,2,1,0,5,0,0,1,1,3,0
27,95000.0,16500.0,5.0,5.0,27.885,1,1,0,5,0,0,1,1,0,0
27,92950.0,23500.0,5.0,5.0,27.885,1,3,0,2,0,0,1,1,0,0
27,232140.0,0.0,5.0,5.0,27.999,0,3,0,0,0,1,1,1,6,0
27,69200.0,43713.0,2.0,3.0,27.885,9,3,1,1,0,0,1,1,1,0
27,89900.0,41900.0,5.0,5.0,27.999,4,0,0,0,0,0,1,1,0,0
27,91900.0,22567.0,5.0,5.0,27.706,3,1,0,0,0,0,1,0,0,0
27,150990.0,0.0,2.0,5.0,27.999,0,3,0,2,0,1,1,1,6,0
27,229800.0,1800.0,5.0,5.0,27.706,1,0,0,0,0,0,1,1,0,0
27,98990.0,7500.0,6.0,5.0,27.885,1,3,0,1,0,0,1,1,0,0
27,115990.0,19745.0,5.0,5.0,27.706,1,3,0,2,0,0,1,1,1,0
27,153021.0,0.0,2.0,5.0,27.999,0,3,0,2,0,1,1,1,0,0
27,97900.0,29984.0,5.0,5.0,27.706,2,1,0,5,0,0,1,1,1,0
27,124995.0,34218.0,5.0,5.0,27.999,2,3,0,1,0,0,1,1,1,0
27,63900.0,97653.0,5.0,5.0,27.999,4,1,0,1,0,0,1,1,3,0
27,78950.0,34105.0,5.0,5.0,27.509,6,2,0,0,0,0,1,2,0,0
27,69900.0,16877.0,5.0,3.0,27.885,2,0,0,1,0,0,1,2,0,0
20,74440.0,0.0,5.0,5.0,20.356,0,0,0,0,0,1,2,1,0,1
20,62885.0,6000.0,5.0,5.0,20.401,0,0,0,0,0,3,1,1,1,0
20,64900.0,67397.0,5.0,4.0,20.356,6,2,0,0,0,0,2,2,3,1
20,73900.0,10383.0,2.0,2.0,20.999,11,7,0,0,0,0,1,2,5,4
20,73490.0,8824.0,2.0,3.0,20.999,9,0,0,0,0,0,2,2,0,4
20,71900.0,9400.0,2.0,2.0,20.999,10,0,0,0,0,0,2,1,2,4
20,68890.0,13500.0,4.0,4.0,20.356,2,0,0,0,0,0,2,1,12,1
20,74900.0,34895.0,2.0,2.0,20.999,8,1,2,0,0,0,1,1,1,4
20,76900.0,15750.0,4.0,4.0,20.356,4,1,0,0,0,0,2,2,0,1
20,74975.0,150.0,5.0,5.0,20.401,3,0,0,2,0,2,1,1,0,0
20,74900.0,34895.0,2.0,2.0,20.999,8,1,0,0,0,0,2,1,1,4
16,63999.0,37000.0,5.0,5.0,16.379,5,3,0,0,0,0,1,1,6,3
16,65000.0,67178.0,5.0,4.0,16.424,8,1,0,0,0,0,1,1,0,1
16,134990.0,11702.0,4.0,5.0,16.999,1,3,0,0,0,0,1,0,1,1
16,79740.0,9329.0,5.0,5.0,16.423,2,0,0,0,0,0,1,1,0,4
16,74990.0,68000.0,5.0,4.0,16.506,6,0,0,1,0,0,1,1,0,0
16,74995.0,883.0,5.0,5.0,16.506,1,3,0,3,0,0,1,1,2,0
16,73500.0,27500.0,5.0,5.0,16.332,2,2,0,0,0,0,1,1,1,2
16,63870.0,7857.0,5.0,4.0,16.391,2,0,0,0,0,0,1,1,0,0
15,64990.0,15000.0,4.0,2.0,15.391,1,3,0,0,0,0,0,1,1,4
15,64300.0,30000.0,5.0,4.0,15.164,1,3,0,2,0,0,2,1,0,1
15,69995.0,29001.0,4.0,2.0,15.469,2,3,0,0,0,0,2,1,0,4
15,144625.0,15993.0,5.0,5.0,15.999,1,0,0,0,0,4,1,1,1,4
19,86900.0,113000.0,5.0,4.0,19.667,11,0,0,0,0,0,1,1,2,1
19,89900.0,89600.0,5.0,4.0,19.667,8,0,0,0,0,0,1,1,0,1
19,99900.0,89000.0,5.0,4.0,19.484,6,0,0,0,0,0,1,1,2,1
19,64990.0,109000.0,5.0,5.0,19.312,11,0,0,1,0,0,1,1,0,0
19,67900.0,44380.0,5.0,4.0,19.327,7,0,0,0,0,0,1,1,0,1
19,204900.0,29000.0,5.0,4.0,19.999,2,0,0,0,0,0,1,1,0,1
19,234999.0,6200.0,5.0,5.0,19.667,2,0,0,2,0,0,1,1,0,1
19,96630.0,3000.0,4.0,2.0,19.468,1,0,0,0,0,0,1,4,1,6
19,164890.0,27000.0,5.0,4.0,19.803,5,0,0,0,0,0,1,1,6,0
19,63850.0,58500.0,4.0,2.0,19.27,6,0,0,0,0,0,2,2,1,4
23,72850.0,64400.0,2.0,2.0,23.999,54,0,1,0,0,5,1,1,8,6
23,89900.0,9400.0,5.0,5.0,23.458,1,3,0,0,0,0,1,1,6,0
23,69950.0,7450.0,2.0,2.0,23.773,5,0,0,0,0,0,2,1,0,6
23,73550.0,31900.0,2.0,4.0,23.773,5,0,0,0,0,0,1,0,6,4
23,84900.0,36800.0,5.0,5.0,23.458,2,1,0,0,0,4,1,2,6,0
23,63890.0,19890.0,2.0,2.0,23.773,5,0,0,0,0,0,1,1,0,6
23,66990.0,27505.0,5.0,5.0,23.458,1,3,0,2,0,0,1,1,1,0
23,69990.0,5990.0,2.0,5.0,23.773,1,3,0,0,0,3,1,1,0,6
23,62990.0,17301.0,5.0,5.0,23.458,1,3,0,2,0,0,1,1,1,0
23,65900.0,16036.0,5.0,5.0,23.458,5,3,0,0,0,0,1,1,1,0
23,99800.0,0.0,5.0,5.0,23.458,0,3,0,0,0,1,1,1,0,0
23,69950.0,7107.0,5.0,3.0,23.773,7,3,0,0,0,0,1,1,2,6
23,64900.0,64066.0,2.0,2.0,23.773,4,0,0,0,0,0,1,3,3,4
23,89890.0,10.0,5.0,5.0,23.458,0,4,0,2,0,1,1,1,0,0
23,64995.0,42904.0,5.0,5.0,23.458,4,0,0,0,0,0,1,2,0,0
23,64890.0,7500.0,5.0,5.0,23.458,1,4,0,2,0,0,1,1,2,0
23,64900.0,11240.0,5.0,5.0,23.458,3,3,0,2,0,0,1,1,0,0
23,62900.0,7823.0,2.0,2.0,23.773,5,0,0,0,0,0,2,1,3,6
23,110000.0,2460.0,2.0,2.0,23.773,1,1,0,0,0,0,1,1,0,4
23,98900.0,3500.0,5.0,5.0,23.458,1,0,0,0,0,3,1,1,7,0
23,209902.0,369.0,2.0,4.0,23.358,6,0,0,0,0,0,1,4,2,1
23,99000.0,29810.0,2.0,2.0,23.773,3,1,0,0,0,0,1,1,12,6
23,69900.0,61150.0,4.0,2.0,23.999,59,0,1,0,0,5,0,1,0,4
23,149819.0,200.0,2.0,2.0,23.773,0,0,0,0,0,1,1,1,6,4
26,64875.0,54670.0,4.0,2.0,26.439,9,2,0,0,0,0,2,1,3,4
26,89950.0,10902.0,5.0,4.0,26.514,3,3,0,2,0,0,1,1,1,1
26,89800.0,12500.0,4.0,4.0,26.513,1,0,0,0,0,0,2,1,2,1
26,172900.0,7900.0,7.0,5.0,26.999,1,0,0,0,0,0,1,1,6,0
26,62990.0,9690.0,5.0,5.0,26.353,2,3,0,2,0,0,1,1,3,0
26,64890.0,9.0,5.0,5.0,26.37,1,0,0,2,0,2,1,1,0,0
26,103990.0,4500.0,4.0,2.0,26.504,1,0,0,0,0,2,1,1,1,6
26,169800.0,9600.0,7.0,5.0,26.999,1,0,0,0,0,0,1,1,2,0
26,69000.0,53000.0,4.0,2.0,26.439,9,5,0,0,0,0,2,0,2,4
26,162900.0,10.0,6.0,5.0,26.731,0,5,0,2,0,2,1,0,0,5
26,73450.0,21800.0,5.0,5.0,26.466,2,0,0,2,0,0,1,1,2,0
26,73990.0,15990.0,5.0,5.0,26.466,2,0,0,2,0,0,1,1,3,1
26,71900.0,5.0,5.0,5.0,26.37,1,5,0,2,0,2,1,0,3,0
26,61900.0,0.0,5.0,5.0,26.292,1,1,0,2,0,2,1,1,2,0
26,118000.0,8000.0,6.0,5.0,26.731,1,5,0,2,0,0,1,0,1,5
26,118000.0,8000.0,6.0,5.0,26.731,1,5,0,2,0,0,1,0,1,5
26,69990.0,0.0,5.0,5.0,26.292,0,3,0,2,0,1,1,1,0,0
26,118000.0,8000.0,6.0,5.0,26.731,1,5,0,2,0,0,1,0,1,5
26,64990.0,66200.0,4.0,2.0,26.504,8,6,0,7,0,0,2,4,1,4
26,95900.0,2500.0,4.0,2.0,26.504,2,6,0,0,0,0,2,1,6,6
26,98590.0,50.0,4.0,2.0,26.439,1,0,0,0,0,4,1,4,1,4
26,62190.0,5.0,5.0,5.0,26.37,1,0,0,2,0,2,1,1,1,0
26,64490.0,10.0,5.0,5.0,26.37,1,0,0,2,0,2,1,1,1,0
26,63890.0,8312.0,5.0,5.0,26.188,2,0,0,2,0,0,1,1,5,0
26,67450.0,10000.0,5.0,5.0,26.188,2,0,0,2,0,0,1,1,2,0
28,79900.0,0.0,5.0,5.0,28.496,0,0,0,3,0,1,1,1,0,0
28,158720.0,25.0,6.0,5.0,28.59,0,0,0,0,0,1,1,1,2,0
28,139800.0,21.0,7.0,5.0,28.59,0,0,0,0,0,1,1,1,0,0
28,154720.0,25.0,6.0,5.0,28.59,0,0,0,0,0,1,1,1,0,0
28,125290.0,0.0,8.0,5.0,28.59,0,0,0,0,0,1,1,1,0,0
28,125290.0,0.0,7.0,5.0,28.59,0,0,0,0,0,1,1,1,1,0
28,131950.0,50.0,8.0,5.0,28.59,0,0,0,0,0,1,1,1,2,0
28,72900.0,110126.0,7.0,5.0,28.59,6,2,0,0,0,0,1,1,3,0
28,150645.0,0.0,5.0,4.0,28.59,0,3,0,0,0,1,1,1,0,0
28,79900.0,0.0,5.0,5.0,28.496,0,0,0,3,0,1,1,1,0,0
28,64800.0,50.0,5.0,5.0,28.218,0,4,0,0,0,1,1,1,1,0
28,131950.0,50.0,8.0,5.0,28.59,0,0,0,4,0,1,1,1,2,0
28,94900.0,83318.0,7.0,5.0,28.59,4,1,0,0,0,0,1,1,0,0
28,64500.0,54000.0,8.0,5.0,28.59,7,6,0,9,0,0,1,0,7,0
28,119000.0,16470.0,7.0,4.0,28.59,3,6,0,0,0,0,1,1,0,0
28,74970.0,38412.0,7.0,5.0,28.59,7,6,0,0,0,0,1,1,2,0
28,63550.0,1001.0,5.0,2.0,28.197,69,0,0,0,1,5,2,2,5,4
28,69950.0,81744.0,5.0,4.0,28.122,7,2,0,0,0,0,2,1,1,1
28,89950.0,37654.0,5.0,4.0,28.122,6,2,0,0,0,0,2,1,0,1
28,158720.0,25.0,6.0,5.0,28.59,0,0,0,0,0,1,1,1,2,0
28,139800.0,21.0,7.0,5.0,28.59,0,0,0,0,0,1,1,1,0,0
28,82990.0,83155.0,7.0,5.0,28.59,6,4,0,0,0,0,1,1,0,0
28,122850.0,10000.0,8.0,5.0,28.59,2,0,0,0,0,3,1,1,0,0
28,99950.0,37338.0,7.0,4.0,28.59,3,0,0,0,0,0,1,1,0,0
28,119990.0,12900.0,7.0,5.0,28.59,1,0,0,0,0,3,1,1,0,0
28,252890.0,10.0,7.0,4.0,28.59,0,0,0,0,0,1,1,1,0,0
28,154720.0,25.0,6.0,5.0,28.59,0,0,0,0,0,1,1,1,0,0
28,174950.0,25000.0,7.0,5.0,28.59,2,2,0,0,0,0,1,1,0,0
28,125290.0,0.0,8.0,5.0,28.59,0,0,0,0,0,1,1,1,0,0
28,113900.0,12900.0,8.0,5.0,28.59,2,0,0,7,0,0,1,1,3,0
28,199790.0,450.0,7.0,4.0,28.59,0,0,0,0,0,1,1,1,0,0
28,229990.0,0.0,7.0,5.0,28.59,0,4,0,0,0,1,1,1,2,0
28,129500.0,34004.0,7.0,5.0,28.59,10,2,0,0,1,0,1,4,0,0
28,189900.0,0.0,7.0,4.0,28.59,0,0,0,0,0,1,1,1,0,0
28,125290.0,0.0,7.0,5.0,28.59,0,0,0,0,0,1,1,1,1,0
28,208700.0,0.0,7.0,4.0,28.59,0,0,0,0,0,1,1,1,0,0
28,131950.0,50.0,8.0,5.0,28.59,0,0,0,0,0,1,1,1,2,0
28,127190.0,0.0,8.0,5.0,28.59,0,0,0,0,0,1,1,1,0,0
28,108500.0,41000.0,7.0,4.0,28.59,4,0,0,0,0,0,1,1,2,0
28,199800.0,0.0,7.0,4.0,28.59,0,0,0,0,0,1,1,1,0,0
28,135000.0,255.0,7.0,5.0,28.59,2,0,0,1,1,0,1,1,0,0
28,125290.0,0.0,7.0,5.0,28.59,0,0,0,0,0,1,1,1,2,0
28,150400.0,0.0,7.0,4.0,28.59,0,0,0,0,0,1,1,1,0,0
28,131950.0,50.0,8.0,5.0,28.59,0,0,0,4,0,1,1,1,2,0
28,119990.0,12900.0,7.0,5.0,28.59,1,0,0,0,0,3,1,1,0,0
28,119000.0,36790.0,8.0,5.0,28.59,3,1,2,0,0,0,1,1,0,3
28,90000.0,40000.0,6.0,2.0,28.144,65,0,0,0,1,0,2,1,0,6
28,137000.0,0.0,7.0,5.0,28.59,0,1,0,0,0,1,1,1,0,0
28,119700.0,0.0,7.0,4.0,28.59,0,0,0,0,0,1,1,1,8,0
28,122490.0,6000.0,6.0,5.0,28.59,1,0,0,0,0,3,1,1,2,0
28,74900.0,53380.0,8.0,5.0,28.59,8,1,0,0,0,0,1,1,0,0
28,115990.0,300.0,7.0,4.0,28.59,0,0,0,0,0,1,1,0,0,0
28,119700.0,0.0,7.0,4.0,28.59,0,0,0,0,0,1,1,1,0,0
28,94500.0,59841.0,7.0,5.0,28.59,4,3,0,0,0,0,1,1,0,0
28,63000.0,5000.0,4.0,2.0,28.15,10,4,0,0,0,0,2,1,2,4
24,89950.0,24503.0,7.0,4.0,24.721,2,0,0,1,0,0,1,1,2,0
24,110499.0,21.0,4.0,2.0,24.47,0,0,0,0,0,1,1,1,0,4
24,63535.0,4198.0,5.0,5.0,24.636,1,0,0,0,0,0,1,0,0,0
24,89950.0,50.0,8.0,5.0,24.721,0,0,0,4,0,1,1,1,0,0
24,65499.0,10.0,4.0,2.0,24.47,0,0,0,0,0,1,1,1,1,4
24,63890.0,19.0,4.0,2.0,24.47,0,0,0,0,0,1,1,1,0,4
24,108790.0,22.0,4.0,2.0,24.47,0,0,0,0,0,1,1,1,3,4
24,89950.0,50.0,8.0,5.0,24.721,0,0,0,0,0,1,1,1,0,0
24,63890.0,16.0,4.0,2.0,24.47,0,0,0,0,0,1,1,1,1,4
24,63890.0,10.0,4.0,2.0,24.47,0,0,0,0,0,1,1,1,5,4
24,76900.0,24.0,5.0,4.0,24.636,0,0,0,0,0,1,1,1,0,0
24,69900.0,24000.0,7.0,4.0,24.64,2,0,0,0,0,0,1,1,0,0
24,74900.0,8811.0,2.0,2.0,24.999,8,1,0,0,0,0,2,1,5,4
24,96900.0,33700.0,2.0,3.0,24.999,3,1,0,0,0,0,2,2,2,4
24,79890.0,50.0,7.0,4.0,24.64,0,0,0,0,0,1,1,1,1,0
24,65990.0,18500.0,5.0,4.0,24.636,2,0,0,0,0,0,1,1,0,0
24,107750.0,70526.0,2.0,2.0,24.999,9,2,0,0,0,0,2,1,2,4
24,74900.0,0.0,5.0,5.0,24.636,0,1,0,0,0,1,1,1,1,0
24,119969.0,0.0,2.0,2.0,24.999,0,1,0,0,0,1,2,1,9,6
24,92565.0,0.0,5.0,5.0,24.721,0,3,0,0,0,1,1,0,0,0
24,139800.0,50.0,5.0,4.0,24.636,0,4,0,1,0,1,1,1,3,0
24,84950.0,121346.0,5.0,2.0,24.999,61,2,0,0,0,5,1,1,5,6
24,117871.0,24.0,5.0,4.0,24.636,1,2,0,4,0,1,1,1,0,8
24,68910.0,78899.0,5.0,4.0,24.636,5,2,0,4,0,0,1,0,0,8
24,72298.0,45226.0,5.0,4.0,24.636,3,2,0,4,0,0,1,1,0,8
24,164990.0,13000.0,2.0,2.0,24.999,2,6,0,0,0,0,2,4,3,6
24,69500.0,62500.0,2.0,2.0,24.999,61,6,1,0,0,0,2,0,3,4
24,139999.0,17500.0,2.0,2.0,24.999,9,6,0,0,0,0,2,0,10,6
24,75000.0,95800.0,2.0,2.0,24.999,68,6,1,0,0,5,2,1,2,6
24,76000.0,95000.0,2.0,2.0,24.999,63,6,1,0,0,0,1,0,5,6
24,89950.0,24503.0,7.0,4.0,24.721,2,0,0,1,0,0,1,1,2,0
24,110499.0,21.0,4.0,2.0,24.47,0,0,0,0,0,1,1,1,0,4
24,63535.0,4198.0,5.0,5.0,24.636,1,0,0,0,0,0,1,0,0,0
24,69900.0,23292.0,5.0,5.0,24.479,55,2,0,0,0,5,1,0,0,4
24,98000.0,2800.0,2.0,2.0,24.999,2,3,0,0,0,0,2,1,0,4
24,104900.0,0.0,4.0,2.0,24.47,0,0,0,0,0,1,2,4,0,6
24,62900.0,21600.0,2.0,2.0,24.999,62,0,1,0,0,0,1,1,5,6
24,235000.0,1.0,2.0,2.0,24.999,0,3,0,0,0,1,2,1,10,4
24,79990.0,63500.0,5.0,4.0,24.636,6,0,0,1,0,0,1,1,2,0
24,99900.0,12.0,5.0,2.0,24.47,0,0,0,0,0,1,1,1,3,4
24,89950.0,50.0,8.0,5.0,24.721,0,0,0,4,0,1,1,1,0,0
24,91990.0,150.0,5.0,4.0,24.636,0,0,0,4,0,1,1,1,1,0
24,65499.0,10.0,4.0,2.0,24.47,0,0,0,0,0,1,1,1,1,4
29,68888.0,23.0,5.0,3.0,29.433,0,0,0,0,0,1,1,2,11,1
29,105999.0,0.0,6.0,4.0,29.507,0,0,0,0,0,1,1,1,0,0
29,71890.0,35.0,5.0,5.0,29.515,0,0,0,0,0,1,1,1,0,0
29,149890.0,60.0,5.0,5.0,29.515,0,0,0,0,0,1,1,1,0,0
29,149900.0,17000.0,5.0,4.0,29.515,2,1,0,0,0,0,1,0,0,0
29,96316.0,50.0,5.0,5.0,29.515,0,3,0,0,0,1,1,1,0,0
29,65000.0,41700.0,5.0,4.0,29.515,5,0,0,4,0,0,1,1,4,0
29,69888.0,25.0,5.0,2.0,29.521,0,0,0,0,0,1,1,2,0,4
29,79980.0,36.0,5.0,5.0,29.515,0,0,0,4,0,1,1,1,0,0
29,103980.0,10.0,5.0,2.0,29.521,0,0,0,0,0,1,1,1,6,4
29,100793.0,0.0,5.0,5.0,29.515,0,3,0,0,0,1,1,1,0,0
29,73950.0,50.0,7.0,5.0,29.507,0,0,0,4,0,1,1,1,1,0
29,118900.0,2893.0,5.0,4.0,29.515,3,1,0,0,0,0,1,1,1,0
29,69777.0,395.0,5.0,2.0,29.521,1,0,0,0,0,0,1,2,0,4
29,69490.0,24990.0,5.0,5.0,29.433,1,0,0,0,0,3,1,4,6,1
29,83980.0,22.0,7.0,5.0,29.507,0,0,0,4,0,1,1,1,0,0
29,82500.0,10.0,5.0,5.0,29.515,0,0,0,4,0,1,1,1,0,0
29,165900.0,50.0,5.0,4.0,29.515,0,0,0,0,0,1,1,1,0,0
29,96316.0,50.0,5.0,5.0,29.515,0,3,0,0,0,1,1,1,0,0
29,108990.0,4990.0,5.0,5.0,29.515,1,0,0,4,0,3,1,1,0,0
29,109800.0,9363.0,5.0,5.0,29.521,6,2,0,0,0,0,2,2,1,7
29,87604.0,0.0,5.0,5.0,29.515,0,3,0,0,0,1,1,1,8,0
29,299000.0,7100.0,2.0,2.0,29.999,8,0,2,0,0,0,1,4,2,4
29,83450.0,22.0,7.0,5.0,29.507,0,0,0,4,0,1,1,1,0,0
29,109850.0,50.0,5.0,4.0,29.433,0,0,0,0,0,1,1,4,0,4
29,83732.0,0.0,5.0,5.0,29.515,0,3,0,0,0,1,1,1,8,0
29,109750.0,29650.0,5.0,4.0,29.433,7,2,0,0,0,0,1,1,0,1
29,64980.0,79940.0,5.0,3.0,29.521,10,4,0,0,0,0,2,1,6,4
29,75900.0,0.0,5.0,4.0,29.507,0,0,0,4,0,1,1,1,0,0
29,102608.0,0.0,5.0,5.0,29.515,0,3,0,0,0,1,1,1,0,0
29,124800.0,1070.0,5.0,3.0,29.521,1,0,0,0,0,0,2,1,0,4
29,127900.0,42.0,6.0,4.0,29.507,0,0,0,0,0,1,1,1,1,0
29,68400.0,0.0,5.0,5.0,29.515,0,1,0,2,0,1,1,1,0,0
29,74900.0,0.0,5.0,5.0,29.507,0,1,0,0,0,1,1,3,1,0
29,139000.0,0.0,5.0,4.0,29.515,0,1,0,0,0,1,1,2,3,0
29,70000.0,128000.0,2.0,2.0,29.999,22,1,1,0,0,0,2,1,0,6
29,129547.0,100.0,5.0,4.0,29.515,0,0,0,0,0,1,1,1,0,0
29,123999.0,100.0,5.0,4.0,29.515,0,0,0,0,0,1,1,1,0,0
29,119800.0,350.0,5.0,5.0,29.515,0,0,0,1,0,1,1,1,0,0
29,100793.0,0.0,5.0,5.0,29.515,0,3,0,0,0,1,1,1,0,0
29,76999.0,49.0,6.0,4.0,29.507,0,0,0,0,0,1,1,1,11,0
29,88000.0,1.0,5.0,2.0,29.521,2,5,1,0,0,2,2,0,6,4
29,99800.0,2255.0,5.0,5.0,29.515,1,0,0,4,0,0,1,1,0,0
29,75325.0,30.0,5.0,4.0,29.515,0,1,0,0,0,1,1,1,0,0
29,63800.0,47072.0,5.0,5.0,29.515,5,0,0,4,0,0,1,1,0,0
29,74999.0,22500.0,5.0,4.0,29.515,3,0,0,0,0,3,1,1,2,0
29,73999.0,81000.0,5.0,4.0,29.515,5,0,0,4,0,0,1,1,0,0
29,69000.0,0.0,5.0,5.0,29.521,0,1,0,0,0,1,2,4,5,4
29,69000.0,0.0,5.0,5.0,29.521,0,1,0,0,0,1,2,2,1,4
29,76999.0,49.0,6.0,4.0,29.507,0,0,0,0,0,1,1,1,3,0
29,89500.0,1.0,7.0,5.0,29.507,2,5,0,0,0,0,1,0,1,0
29,135000.0,1.0,6.0,5.0,29.507,1,5,0,0,0,2,1,0,0,0
29,78900.0,49.0,5.0,4.0,29.515,1,0,0,4,0,0,1,1,0,0
29,68990.0,77941.0,5.0,4.0,29.515,6,4,0,0,0,0,1,1,0,0
29,96679.0,0.0,5.0,5.0,29.515,0,3,0,0,0,1,1,0,0,0
29,69990.0,9800.0,7.0,4.0,29.507,1,0,0,4,0,0,1,1,0,0
29,69999.0,3000.0,7.0,4.0,29.507,1,0,0,4,0,0,1,1,2,0
29,66990.0,38234.0,5.0,4.0,29.515,3,0,0,0,0,0,1,2,0,0
29,77900.0,69402.0,5.0,4.0,29.515,2,0,0,4,0,0,1,1,1,0
29,105990.0,1000.0,5.0,4.0,29.515,0,0,0,0,0,0,1,1,0,0
29,63790.0,6910.0,5.0,4.0,29.515,3,0,0,0,0,0,2,0,0,0
29,89419.0,0.0,5.0,5.0,29.515,0,3,0,0,0,1,1,0,5,0
29,69990.0,17.0,7.0,4.0,29.507,0,0,0,0,0,1,1,1,0,0
29,97999.0,42.0,5.0,4.0,29.515,0,0,0,0,0,1,1,1,5,0
29,89419.0,0.0,5.0,5.0,29.515,0,3,0,0,0,1,1,4,4,0
29,75999.0,49.0,5.0,4.0,29.515,0,0,0,0,0,1,1,1,0,0
29,63000.0,55170.0,5.0,4.0,29.515,5,1,2,4,0,0,1,1,1,0
29,92999.0,32.0,5.0,4.0,29.515,0,0,0,0,0,1,1,3,0,0
29,117243.0,95.0,5.0,4.0,29.515,1,2,0,4,0,2,1,1,0,8
29,68888.0,23.0,5.0,3.0,29.433,0,0,0,0,0,1,1,2,11,1
29,93164.0,97.0,5.0,4.0,29.515,1,2,0,4,0,2,1,1,0,8
29,131830.0,41164.0,5.0,4.0,29.515,3,2,0,4,0,0,1,1,1,8
29,63465.0,142211.0,5.0,4.0,29.515,6,2,0,4,0,0,1,1,0,8
29,96733.0,18885.0,5.0,4.0,29.515,2,2,0,4,0,0,1,1,0,8
29,81010.0,66105.0,5.0,4.0,29.515,3,2,0,4,0,0,1,1,0,8
29,71935.0,39855.0,5.0,4.0,29.515,6,2,0,4,0,0,1,1,0,8
29,84640.0,43398.0,5.0,4.0,29.515,4,2,0,4,0,0,1,1,0,8
29,66423.0,104873.0,5.0,4.0,29.515,6,2,0,4,0,0,1,1,4,8
29,60440.0,130064.0,5.0,4.0,29.515,6,2,0,4,0,0,1,1,0,8
29,101580.0,19.0,5.0,4.0,29.515,1,2,0,0,0,2,1,1,0,8
29,84579.0,111907.0,5.0,4.0,29.515,3,2,0,4,0,0,1,1,0,8
29,104000.0,6.0,5.0,4.0,29.515,1,2,0,0,0,0,1,1,0,8
29,101580.0,16.0,5.0,4.0,29.515,2,2,0,0,0,0,1,1,0,8
29,131588.0,66087.0,5.0,4.0,29.515,4,2,0,4,0,0,1,1,2,8
29,103969.0,9.0,5.0,4.0,29.515,1,2,0,0,0,2,1,1,0,8
29,104000.0,1.0,5.0,4.0,29.515,2,2,0,0,0,0,1,1,5,8
29,84579.0,103000.0,5.0,4.0,29.515,5,2,0,4,0,0,1,1,2,8
29,101549.0,2.0,5.0,4.0,29.515,2,2,0,0,0,1,1,1,2,8
29,77000.0,41000.0,2.0,2.0,29.999,27,6,0,0,0,0,2,1,5,4
29,72000.0,91500.0,5.0,2.0,29.433,57,6,0,0,0,0,2,1,13,4
29,147900.0,38.0,5.0,4.0,29.433,1,5,0,0,0,2,2,0,6,1
29,63990.0,20500.0,5.0,2.0,29.521,6,6,0,0,1,0,2,4,0,4
29,79900.0,30243.0,5.0,5.0,29.521,3,0,0,0,0,0,2,1,0,4
29,184990.0,10087.0,5.0,3.0,29.521,8,6,0,0,0,0,2,4,5,4
29,67890.0,25.0,4.0,2.0,29.521,0,0,0,0,0,1,2,1,6,4
29,78650.0,67000.0,5.0,4.0,29.515,2,3,0,4,1,0,1,0,0,0
29,115870.0,11763.0,4.0,4.0,29.515,2,6,0,0,0,0,1,1,0,0
29,104900.0,55.0,5.0,2.0,29.521,1,0,0,0,0,3,2,1,1,4
29,106900.0,37.0,5.0,2.0,29.521,1,0,0,0,0,3,2,1,0,4
29,75900.0,26000.0,4.0,4.0,29.515,3,6,1,4,0,0,1,0,0,0
29,119000.0,8198.0,4.0,2.0,29.521,6,6,0,0,0,0,1,0,3,4
29,75990.0,10.0,7.0,5.0,29.507,1,0,0,4,0,3,1,1,1,0
29,77900.0,357.0,5.0,4.0,29.515,1,0,0,0,0,3,1,1,0,0
29,69989.0,59.0,4.0,2.0,29.521,0,0,0,0,0,1,2,1,0,4
29,78790.0,1086.0,4.0,2.0,29.521,1,0,0,0,0,3,2,1,0,4
29,67490.0,29.0,4.0,2.0,29.521,0,0,0,0,0,1,2,1,0,4
29,105999.0,0.0,6.0,4.0,29.507,0,0,0,0,0,1,1,1,0,0
29,70500.0,35651.0,4.0,2.0,29.521,9,2,0,0,0,0,2,1,5,4
29,72999.0,42073.0,5.0,5.0,29.515,2,3,0,0,0,0,1,1,2,0
29,74900.0,31000.0,5.0,2.0,29.521,5,0,0,0,0,0,1,2,0,4
29,64990.0,39900.0,5.0,4.0,29.515,4,0,0,0,0,0,1,1,0,0
29,93900.0,10.0,5.0,5.0,29.433,0,0,0,0,0,1,2,4,1,1
29,105990.0,500.0,5.0,4.0,29.433,2,0,0,0,0,3,2,1,0,1
29,119990.0,100.0,4.0,2.0,29.521,0,0,0,0,0,1,1,1,0,4
29,149890.0,60.0,5.0,5.0,29.515,0,0,0,0,0,1,1,1,0,0
29,65900.0,10.0,5.0,2.0,29.521,0,0,0,0,0,1,2,4,3,4
29,137900.0,40.0,5.0,2.0,29.521,2,0,0,0,0,0,1,1,0,4
29,74900.0,500.0,5.0,4.0,29.515,1,0,0,4,0,0,1,1,0,0
29,149900.0,17000.0,5.0,4.0,29.515,2,1,0,0,0,0,1,0,0,0
29,80999.0,0.0,7.0,4.0,29.507,0,0,0,0,0,1,1,1,3,0
29,70200.0,10.0,5.0,2.0,29.521,0,0,0,0,0,1,2,4,6,4
29,74999.0,0.0,7.0,4.0,29.507,0,0,0,0,0,1,1,1,1,0
29,65900.0,10.0,5.0,2.0,29.521,0,0,0,0,0,1,2,4,0,4
29,97500.0,10.0,5.0,2.0,29.521,0,0,0,0,0,1,2,4,9,4
29,100900.0,10.0,5.0,2.0,29.521,0,0,0,0,0,1,2,4,11,4
29,75000.0,100000.0,5.0,2.0,29.352,56,0,1,0,0,5,2,3,5,4
29,85999.0,10.0,5.0,2.0,29.521,0,0,0,0,0,1,2,4,0,4
29,81999.0,0.0,7.0,4.0,29.507,0,0,0,0,0,1,1,1,4,0
29,98900.0,0.0,5.0,4.0,29.515,0,0,0,0,0,1,1,1,1,0
29,65990.0,45000.0,5.0,4.0,29.515,2,0,0,4,0,0,1,0,1,0
29,127999.0,10.0,5.0,2.0,29.521,0,0,0,0,0,1,2,4,1,4
29,77900.0,20.0,6.0,4.0,29.507,0,0,0,4,0,1,1,1,0,0
29,99900.0,1600.0,5.0,2.0,29.521,1,0,0,0,0,0,1,1,0,4
29,72900.0,20.0,5.0,4.0,29.515,0,0,0,4,0,1,1,0,0,0
29,69999.0,10.0,5.0,2.0,29.521,0,0,0,0,0,1,2,4,6,4
29,68499.0,10.0,5.0,2.0,29.521,0,0,0,0,0,1,2,4,0,4
25,89990.0,29000.0,6.0,5.0,25.999,2,0,0,3,0,0,1,1,1,0
25,87890.0,59800.0,5.0,5.0,25.999,3,0,0,3,0,0,1,1,0,0
25,92890.0,12841.0,5.0,5.0,25.388,2,0,0,3,0,0,1,1,2,1
25,72890.0,29842.0,5.0,5.0,25.388,2,0,0,3,0,0,1,3,2,1
25,87900.0,33985.0,5.0,5.0,25.388,2,5,0,2,0,0,1,0,3,1
25,71900.0,61100.0,5.0,5.0,25.999,5,1,0,3,0,0,1,1,2,0
25,84950.0,39738.0,5.0,5.0,25.999,2,2,0,3,0,0,1,1,1,0
25,104950.0,1150.0,7.0,5.0,25.999,1,3,0,3,0,0,1,1,0,0
25,79000.0,68000.0,7.0,5.0,25.999,5,0,0,3,0,0,1,1,0,0
25,63900.0,72000.0,5.0,5.0,25.999,6,1,0,3,0,0,1,1,2,5
25,79000.0,88000.0,7.0,5.0,25.999,5,0,0,3,0,0,1,1,2,0
25,74995.0,77726.0,5.0,4.0,25.388,2,3,0,3,0,0,1,1,1,1
25,76400.0,1750.0,5.0,5.0,25.388,2,6,0,3,0,0,1,1,1,1
25,88980.0,22500.0,5.0,5.0,25.388,3,6,0,3,0,0,1,1,0,1
25,89992.0,10292.0,5.0,5.0,25.999,2,5,0,3,1,0,1,0,2,0
25,88998.0,32523.0,7.0,5.0,25.999,2,6,0,3,0,0,1,1,0,0
25,92999.0,69000.0,6.0,5.0,25.999,2,4,0,3,1,0,1,2,2,0
25,85450.0,21000.0,5.0,5.0,25.999,2,6,0,3,0,0,1,1,0,0
25,67000.0,19000.0,5.0,5.0,25.388,6,6,0,3,0,0,1,1,5,1
25,102000.0,6500.0,5.0,4.0,25.388,1,1,0,3,1,0,1,0,5,1
25,89900.0,30650.0,5.0,5.0,25.388,2,6,0,3,0,0,1,0,0,1
36,147500.0,116982.0,4.0,3.0,36.217,7,3,0,0,0,0,1,1,1,4
36,735750.0,365.0,2.0,2.0,36.48,2,2,0,0,0,0,2,4,6,4
36,285900.0,4300.0,2.0,2.0,36.406,0,0,0,2,0,0,1,1,10,4
36,98000.0,66787.0,4.0,2.0,36.082,13,0,0,0,0,0,2,1,0,6
36,207000.0,47000.0,4.0,2.0,36.217,8,1,0,0,0,0,1,1,0,4
36,115000.0,63000.0,2.0,2.0,36.155,20,1,2,0,0,0,1,0,0,4
36,209990.0,10400.0,4.0,2.0,36.24,4,0,0,0,0,0,1,1,5,6
36,209990.0,10700.0,4.0,2.0,36.273,3,0,0,0,0,0,1,1,6,4
36,1630000.0,161.0,2.0,2.0,36.773,2,1,0,0,0,2,2,0,5,4
36,169950.0,60434.0,2.0,2.0,36.203,14,3,0,0,0,0,2,1,1,4
36,79850.0,66200.0,4.0,2.0,36.033,38,0,1,0,0,5,1,1,0,1
36,139990.0,61500.0,4.0,2.0,36.14,9,0,0,0,0,0,1,1,5,1
36,184950.0,61302.0,2.0,2.0,36.203,15,3,0,0,0,0,2,2,5,4
36,529990.0,4700.0,2.0,2.0,36.701,4,4,0,2,0,0,1,1,2,4
36,305000.0,8200.0,2.0,2.0,36.48,4,1,2,0,0,0,2,4,5,4
36,245000.0,23000.0,2.0,2.0,36.337,7,1,2,0,0,0,2,4,0,6
36,329500.0,36998.0,2.0,3.0,36.773,6,2,0,0,0,0,2,1,0,4
36,229990.0,22500.0,2.0,2.0,36.337,7,0,0,0,0,0,1,1,5,4
36,219900.0,23900.0,4.0,2.0,36.273,4,1,0,0,0,0,2,1,3,4
36,285900.0,4300.0,2.0,2.0,36.406,0,0,0,2,0,0,1,1,10,4
36,429500.0,16000.0,2.0,2.0,36.773,4,0,0,0,0,0,1,1,5,6
36,329000.0,817.0,4.0,2.0,36.273,1,1,0,0,0,0,2,1,1,6
36,209900.0,26500.0,2.0,2.0,36.24,4,3,0,0,0,0,2,1,5,6
36,199412.0,50305.0,4.0,2.0,36.217,7,1,0,0,0,0,1,1,0,4
36,199999.0,29156.0,2.0,2.0,36.337,8,3,0,0,0,0,2,1,5,4
36,490000.0,2895.0,2.0,2.0,36.701,4,1,2,0,0,0,1,2,1,4
36,279900.0,14932.0,2.0,2.0,36.48,5,0,0,0,0,0,1,1,5,4
36,255500.0,24850.0,2.0,2.0,36.312,10,1,2,0,0,0,2,1,4,4
36,424000.0,5035.0,2.0,2.0,36.773,4,1,2,0,0,0,2,1,1,6
36,214900.0,23054.0,2.0,2.0,36.203,12,0,0,0,0,0,1,1,0,4
36,209990.0,6701.0,4.0,2.0,36.273,3,1,2,0,0,0,2,1,3,4
36,109995.0,37640.0,4.0,2.0,36.082,13,3,0,0,0,0,2,1,1,6
36,215800.0,11200.0,2.0,2.0,36.337,6,0,0,0,0,0,1,1,10,4
36,350000.0,25387.0,2.0,2.0,36.773,5,1,0,0,0,0,2,2,5,4
36,270000.0,18000.0,2.0,2.0,36.312,10,1,2,0,0,0,2,1,0,4
36,549000.0,9977.0,2.0,2.0,36.773,5,1,0,0,0,0,2,2,1,6
36,679900.0,3760.0,4.0,4.0,36.999,2,0,0,0,0,0,1,1,2,0
36,273890.0,32958.0,2.0,2.0,36.48,5,0,0,0,0,0,1,1,2,4
36,189950.0,3434.0,2.0,2.0,36.183,14,2,0,0,0,0,2,1,11,4
36,98000.0,66787.0,4.0,2.0,36.082,13,0,0,0,0,0,2,1,0,6
36,114000.0,82573.0,4.0,2.0,36.059,19,1,0,0,0,0,2,2,5,4
36,109900.0,75405.0,4.0,2.0,36.082,14,2,0,0,0,0,2,1,1,6
36,159900.0,36731.0,4.0,2.0,36.14,10,0,0,0,0,0,1,1,1,4
36,99890.0,69000.0,4.0,2.0,36.082,17,5,0,0,0,0,2,0,5,4
36,154000.0,24000.0,4.0,2.0,36.082,8,1,0,0,0,0,2,1,5,6
36,600000.0,5000.0,4.0,5.0,36.999,1,5,0,0,0,3,1,0,0,0
36,94990.0,66000.0,2.0,2.0,36.037,35,4,1,0,0,0,2,1,5,4
36,104000.0,29929.0,2.0,2.0,36.072,22,1,2,0,0,0,2,2,1,6
36,379000.0,94.0,2.0,2.0,36.447,1,1,0,2,0,2,2,1,5,6
36,229900.0,13179.0,4.0,2.0,36.273,2,1,0,0,0,0,2,2,6,4
36,489000.0,9692.0,2.0,2.0,36.701,3,1,0,0,0,0,1,2,5,4
36,335000.0,4000.0,2.0,2.0,36.312,11,0,0,0,0,0,1,1,5,4
36,199000.0,19000.0,2.0,3.0,36.312,13,5,0,0,0,0,2,0,0,4
36,144950.0,36781.0,2.0,2.0,36.183,17,2,0,0,0,0,2,0,1,4
36,334900.0,3591.0,2.0,2.0,36.447,2,0,0,2,0,0,1,1,0,6
36,295000.0,42482.0,2.0,2.0,36.48,5,1,0,0,0,0,2,2,0,4
36,66000.0,47000.0,4.0,2.0,36.012,33,1,1,0,0,0,2,1,5,6
36,448990.0,2990.0,2.0,2.0,36.773,1,7,0,0,0,0,1,1,1,6
36,120000.0,122000.0,2.0,2.0,36.095,34,5,1,7,0,5,2,0,5,4
36,207000.0,47000.0,4.0,2.0,36.217,8,1,0,0,0,0,1,1,0,4
36,660000.0,5900.0,2.0,2.0,36.337,5,7,0,0,0,0,2,4,5,6
36,770000.0,314.0,4.0,4.0,36.999,1,1,2,0,0,2,2,3,0,0
36,119790.0,74988.0,4.0,2.0,36.14,13,0,0,0,0,0,1,1,1,4
36,215000.0,44000.0,4.0,2.0,36.24,5,1,2,0,0,0,2,1,3,6
36,98999.0,74161.0,2.0,3.0,36.072,21,1,0,0,0,0,2,1,5,4
36,305900.0,1500.0,2.0,2.0,36.447,2,1,0,2,0,0,2,1,10,4
36,469900.0,14882.0,2.0,2.0,36.701,4,3,0,2,0,0,1,2,5,4
36,243999.0,7000.0,2.0,2.0,36.337,4,5,0,0,0,0,2,0,2,4
36,159950.0,39987.0,4.0,3.0,36.14,13,2,0,0,0,0,1,1,1,4
36,139980.0,79857.0,2.0,2.0,36.183,16,4,0,0,0,0,2,0,0,4
36,107999.0,65095.0,2.0,2.0,36.155,20,5,1,0,0,0,2,0,5,4
36,297970.0,1000.0,2.0,2.0,36.406,1,0,0,2,0,0,2,1,5,4
36,220000.0,46512.0,4.0,2.0,36.24,5,1,0,0,0,0,2,2,1,6
36,112900.0,65000.0,2.0,2.0,36.155,18,5,0,0,0,0,2,0,5,4
36,419970.0,141.0,2.0,2.0,36.406,1,4,0,2,0,0,2,1,10,4
36,196000.0,17000.0,4.0,2.0,36.24,6,5,0,0,0,0,2,0,0,4
36,79950.0,72821.0,4.0,2.0,36.059,19,2,0,0,0,0,2,0,0,4
36,264980.0,39522.0,2.0,2.0,36.337,10,4,0,0,0,0,2,1,5,4
36,115000.0,63000.0,2.0,2.0,36.155,20,1,2,0,0,0,1,0,0,4
36,245000.0,7739.0,4.0,2.0,36.273,3,1,2,0,0,0,2,3,0,4
36,150000.0,44574.0,2.0,2.0,36.141,30,1,1,0,0,0,2,3,0,6
36,323900.0,9000.0,2.0,2.0,36.48,5,5,0,0,0,0,2,0,5,4
36,620000.0,280.0,2.0,2.0,36.864,1,1,0,2,0,2,1,1,5,6
36,424990.0,21595.0,2.0,2.0,36.337,5,1,0,0,0,0,2,4,5,4
36,235000.0,18950.0,4.0,3.0,36.217,5,1,0,0,0,0,1,1,5,4
36,319990.0,22725.0,2.0,2.0,36.155,17,1,0,0,0,0,2,4,5,4
36,75900.0,40000.0,2.0,2.0,36.037,35,1,1,0,0,0,2,1,5,4
36,184900.0,69000.0,4.0,2.0,36.24,5,1,2,0,0,0,2,1,0,6
36,229000.0,15737.0,4.0,2.0,36.273,4,1,0,0,0,0,2,2,0,4
36,199999.0,36000.0,2.0,2.0,36.337,9,5,0,0,0,0,2,0,2,4
36,79900.0,74931.0,2.0,3.0,36.033,40,1,1,0,0,0,2,0,5,6
36,211900.0,28061.0,2.0,2.0,36.337,9,1,0,0,0,0,2,1,0,4
36,780000.0,250.0,4.0,4.0,36.999,1,1,0,0,0,0,1,1,0,0
36,189900.0,55800.0,2.0,2.0,36.203,15,1,0,0,0,0,2,2,0,4
36,208800.0,24000.0,4.0,2.0,36.273,5,1,0,0,0,0,2,1,4,4
36,375000.0,4000.0,2.0,2.0,36.447,1,1,0,2,0,0,2,1,5,6
36,209990.0,10400.0,4.0,2.0,36.24,4,0,0,0,0,0,1,1,5,6
36,135000.0,28000.0,2.0,2.0,36.118,21,1,2,0,0,0,1,1,0,4
36,239900.0,12896.0,4.0,2.0,36.273,3,3,0,0,0,0,2,2,6,4
36,116000.0,30235.0,2.0,2.0,36.072,21,1,1,0,0,0,2,3,0,6
36,209890.0,17720.0,2.0,5.0,36.337,8,0,0,0,0,0,2,1,3,4
36,110000.0,45000.0,2.0,2.0,36.155,20,5,0,0,0,0,2,0,0,4
36,102000.0,55557.0,2.0,2.0,36.072,22,1,0,0,0,0,2,1,5,6
36,159000.0,29190.0,2.0,2.0,36.155,17,1,0,0,0,0,2,2,10,6
36,325000.0,19000.0,2.0,2.0,36.773,5,1,0,0,0,0,2,1,0,4
36,229999.0,54200.0,2.0,2.0,36.155,17,5,0,0,0,0,2,0,5,4
36,77000.0,57865.0,2.0,2.0,36.037,34,1,1,0,0,0,1,2,5,7
36,109999.0,48795.0,4.0,2.0,36.082,13,0,0,0,0,0,2,1,5,6
36,349999.0,18006.0,2.0,3.0,36.48,2,1,0,0,0,0,2,1,0,4
36,246999.0,27000.0,2.0,3.0,36.312,9,5,0,0,0,0,2,0,5,4
36,234900.0,1492.0,2.0,2.0,36.183,17,1,0,0,0,0,2,1,5,4
36,268990.0,4200.0,4.0,2.0,36.24,2,1,0,0,0,0,2,0,5,6
36,399000.0,312.0,2.0,2.0,36.48,3,1,0,0,0,0,2,1,5,4
36,166999.0,15000.0,4.0,3.0,36.14,13,5,0,0,0,0,1,0,1,4
36,219900.0,48000.0,2.0,2.0,36.337,7,1,2,0,0,0,1,1,2,4
31,74900.0,40481.0,5.0,5.0,31.27,5,2,0,2,0,0,1,1,1,0
31,69995.0,195493.0,4.0,2.0,31.681,11,3,0,0,0,0,1,1,1,4
31,71995.0,59525.0,5.0,5.0,31.27,5,3,0,2,0,0,1,1,1,4
31,67995.0,93133.0,5.0,5.0,31.27,3,3,0,0,0,0,1,1,4,4
31,134850.0,9100.0,5.0,4.0,31.27,2,0,0,0,0,0,1,2,0,0
31,79999.0,35800.0,2.0,2.0,31.341,4,0,1,0,0,0,2,1,1,4
31,72700.0,19800.0,4.0,4.0,31.372,3,0,0,3,0,0,1,1,0,3
31,91950.0,22900.0,5.0,5.0,31.27,3,0,0,0,0,0,1,1,0,0
31,69900.0,47931.0,5.0,5.0,31.27,4,3,0,0,0,0,1,1,0,0
31,67995.0,93375.0,5.0,5.0,31.27,6,3,0,2,0,0,1,1,0,4
31,99990.0,25478.0,4.0,2.0,31.767,7,0,0,0,0,0,1,1,3,6
31,79965.0,31814.0,5.0,4.0,31.169,4,0,0,0,0,0,1,1,0,0
31,109900.0,61166.0,2.0,2.0,31.767,11,3,0,0,0,0,2,4,2,4
31,78000.0,89000.0,4.0,2.0,31.767,17,1,1,0,0,0,1,1,9,6
31,165870.0,68.0,4.0,5.0,31.27,1,0,0,0,0,1,1,1,1,4
31,70900.0,58000.0,5.0,4.0,31.169,4,0,0,0,0,0,1,1,1,0
31,173500.0,26000.0,2.0,2.0,31.681,7,0,1,0,0,0,2,1,6,4
31,99900.0,20700.0,5.0,5.0,31.372,2,3,0,3,0,0,1,2,1,1
31,124911.0,19897.0,4.0,2.0,31.999,2,3,0,0,0,0,1,1,1,4
31,69995.0,195493.0,4.0,2.0,31.767,11,3,0,0,0,0,1,1,1,4
31,99900.0,11100.0,2.0,2.0,31.341,9,3,1,0,0,0,2,4,2,4
31,217900.0,10.0,2.0,2.0,31.767,0,3,0,0,0,1,2,4,1,4
31,179990.0,17530.0,4.0,2.0,31.767,2,3,0,0,0,0,1,2,0,6
31,102900.0,31000.0,5.0,5.0,31.372,2,3,0,3,0,0,1,2,0,3
31,115000.0,12500.0,2.0,2.0,31.646,3,3,0,0,0,0,2,2,4,6
31,62500.0,48000.0,2.0,2.0,31.274,7,1,0,0,0,0,2,2,3,4
31,114950.0,25751.0,4.0,2.0,31.681,6,3,0,0,0,0,2,2,0,4
31,132900.0,7497.0,5.0,5.0,31.27,1,3,0,2,0,0,1,1,1,0
31,154992.0,2922.0,4.0,2.0,31.767,1,1,0,0,0,4,2,1,0,4
31,127990.0,14105.0,4.0,4.0,31.299,3,0,0,0,0,0,1,2,5,1
31,87890.0,55000.0,4.0,5.0,31.27,5,0,0,0,0,0,1,1,0,4
31,249800.0,800.0,4.0,2.0,31.767,2,0,0,0,0,0,1,3,0,4
31,249950.0,13112.0,4.0,2.0,31.767,3,3,0,0,0,0,1,1,8,4
31,122000.0,16500.0,5.0,5.0,31.27,1,1,0,2,0,0,1,1,3,0
31,60500.0,51000.0,4.0,5.0,31.299,8,0,0,0,0,0,1,1,0,2
31,105900.0,38000.0,4.0,2.0,31.681,9,3,0,0,0,0,1,1,0,4
31,104900.0,25272.0,5.0,5.0,31.169,1,0,0,0,0,4,1,1,5,0
31,94995.0,24985.0,5.0,5.0,31.27,2,3,0,2,0,0,1,1,0,0
31,169991.0,31360.0,2.0,2.0,31.681,8,0,0,0,0,0,2,1,4,4
31,199900.0,3010.0,5.0,2.0,31.999,4,0,0,0,0,0,2,4,3,4
31,209000.0,16100.0,4.0,2.0,31.999,4,0,0,0,0,0,1,2,1,4
31,169718.0,7450.0,2.0,2.0,31.341,2,0,0,0,0,0,1,4,5,4
31,139500.0,17800.0,4.0,2.0,31.999,4,0,0,0,0,0,1,1,1,4
31,67800.0,97920.0,4.0,4.0,31.299,8,0,0,1,0,0,1,1,1,1
31,79995.0,71396.0,5.0,5.0,31.27,3,3,0,2,0,0,1,1,0,0
31,130000.0,55000.0,4.0,2.0,31.767,7,1,0,0,0,0,1,2,1,6
31,86900.0,92000.0,4.0,2.0,31.681,9,3,0,0,0,0,2,1,0,4
31,125990.0,69500.0,4.0,2.0,31.767,4,3,0,0,0,0,1,1,0,6
31,92450.0,27202.0,5.0,5.0,31.27,2,3,0,2,0,0,1,1,2,0
32,69900.0,31442.0,5.0,4.0,32.007,2,1,0,0,0,0,1,1,3,1
32,88680.0,59430.0,4.0,4.0,32.007,2,0,0,0,0,0,2,1,0,1
32,64900.0,30000.0,5.0,5.0,32.013,2,3,0,0,0,0,1,1,1,0
32,157500.0,3182.0,4.0,2.0,32.014,2,3,0,0,0,0,1,1,1,4
32,65900.0,30600.0,4.0,2.0,32.014,11,3,0,0,0,0,2,4,1,4
32,69990.0,69690.0,4.0,2.0,32.014,10,7,0,0,0,0,1,1,0,4
32,68900.0,15000.0,5.0,5.0,32.013,1,1,0,2,0,0,1,1,0,0
32,69990.0,59775.0,5.0,5.0,32.009,4,0,0,0,0,0,1,1,3,0
32,62000.0,29929.0,5.0,5.0,32.009,4,1,0,0,0,0,1,1,0,0
32,109990.0,46790.0,4.0,2.0,32.018,10,7,0,0,0,0,1,1,5,6
32,64000.0,113000.0,4.0,2.0,32.014,10,5,0,0,0,0,2,0,2,4
32,74450.0,22123.0,5.0,5.0,32.009,3,0,0,0,0,0,1,1,0,0
32,215000.0,22000.0,2.0,2.0,32.049,4,1,0,0,0,0,2,1,0,4
32,61990.0,40791.0,4.0,2.0,32.018,9,0,0,0,0,0,2,1,3,6
32,69950.0,83485.0,5.0,4.0,32.007,16,2,0,0,0,0,2,1,1,1
32,64900.0,17255.0,5.0,5.0,32.013,3,1,0,2,0,0,1,0,1,0
32,239000.0,10.0,2.0,2.0,32.049,2,0,0,0,0,0,2,1,0,4
32,67500.0,19238.0,5.0,5.0,32.013,2,1,0,2,0,0,1,1,4,0
32,4990000.0,7900.0,2.0,2.0,32.999,20,1,1,0,0,0,2,1,2,4
32,79900.0,56618.0,5.0,5.0,32.013,2,1,0,0,0,0,1,1,0,0
32,239900.0,7320.0,5.0,4.0,32.049,3,5,0,0,0,0,2,0,1,4
32,67900.0,79700.0,5.0,5.0,32.007,2,1,0,0,0,0,1,1,1,1
32,116900.0,17161.0,4.0,2.0,32.014,5,1,0,0,0,0,2,0,0,4
32,294970.0,4201.0,2.0,2.0,32.049,3,4,0,0,0,0,2,4,0,4
32,139000.0,7693.0,5.0,5.0,32.018,6,0,0,0,0,0,1,4,1,6
32,67900.0,40859.0,5.0,5.0,32.009,6,2,0,0,0,0,1,1,0,0
37,339150.0,14.0,5.0,5.0,37.336,0,0,0,0,0,1,1,1,1,4
37,379800.0,50.0,5.0,4.0,37.336,0,0,0,2,0,1,1,1,0,0
37,359850.0,19812.0,2.0,2.0,37.684,6,0,0,0,0,0,1,1,6,4
37,642650.0,12800.0,2.0,2.0,37.684,5,0,0,0,0,0,1,1,2,6
37,89950.0,62600.0,2.0,2.0,37.03,16,2,0,0,0,0,1,1,2,6
37,599999.0,21908.0,2.0,2.0,37.684,4,0,0,0,0,0,1,4,0,6
37,748000.0,160.0,2.0,2.0,37.999,1,1,0,2,0,0,1,1,3,4
37,127800.0,54200.0,2.0,2.0,37.03,22,1,1,0,0,0,1,1,0,4
37,365000.0,34067.0,2.0,2.0,37.379,6,2,0,0,0,0,1,4,1,6
37,337365.0,119.0,5.0,5.0,37.336,1,0,0,0,0,4,1,1,0,0
37,310000.0,11763.0,2.0,2.0,37.684,11,1,0,0,0,0,1,1,0,4
37,399000.0,10000.0,2.0,2.0,37.379,3,1,0,0,0,0,2,4,3,4
37,394900.0,50.0,2.0,2.0,37.379,1,1,0,0,0,0,1,4,6,4
37,429500.0,8940.0,2.0,2.0,37.379,3,2,0,0,0,0,2,4,0,4
37,430000.0,4000.0,2.0,2.0,37.39,25,1,1,0,0,0,1,2,9,4
37,105900.0,58886.0,2.0,2.0,37.03,16,1,1,0,0,0,1,1,0,4
37,729990.0,11332.0,2.0,2.0,37.684,4,5,0,0,0,0,1,0,5,4
37,239999.0,76975.0,5.0,5.0,37.336,4,1,0,0,0,0,1,1,0,0
37,389000.0,5000.0,5.0,5.0,37.336,1,0,0,0,0,0,1,1,0,0
37,729990.0,11332.0,2.0,2.0,37.684,4,5,0,0,0,0,1,0,5,4
37,239999.0,76975.0,5.0,5.0,37.336,4,1,0,0,0,0,1,1,0,0
37,309890.0,947.0,2.0,2.0,37.379,2,0,0,0,0,0,2,2,0,4
37,269890.0,12616.0,4.0,5.0,37.336,5,0,0,0,0,0,1,1,6,0
37,290000.0,57000.0,2.0,2.0,37.39,31,1,1,0,0,0,1,1,4,4
37,219890.0,39166.0,5.0,5.0,37.336,5,0,0,0,0,0,1,1,10,0
37,720000.0,1900.0,2.0,2.0,37.999,1,1,0,2,0,0,1,1,1,4
37,339995.0,38476.0,2.0,2.0,37.684,11,2,0,0,0,0,1,1,0,4
37,529890.0,56.0,2.0,2.0,37.379,2,4,0,0,0,0,1,0,6,4
37,579900.0,4900.0,2.0,2.0,37.684,6,0,0,0,0,0,1,4,3,4
37,139999.0,30840.0,5.0,2.0,37.03,13,0,0,0,0,0,1,1,2,4
37,349900.0,65.0,2.0,5.0,37.379,0,0,0,0,0,1,1,3,9,6
37,279999.0,21419.0,2.0,2.0,37.379,3,1,0,0,0,0,1,1,2,6
37,184900.0,91000.0,2.0,2.0,37.379,10,5,0,0,0,0,1,0,5,4
37,405000.0,2900.0,2.0,2.0,37.379,3,5,0,0,0,0,2,0,1,4
37,690000.0,5500.0,2.0,2.0,37.999,1,1,0,2,0,0,1,1,1,4
37,189900.0,71000.0,5.0,4.0,37.336,7,0,0,0,0,0,1,1,1,0
37,129995.0,62359.0,2.0,2.0,37.03,16,2,0,0,0,0,1,1,0,6
37,329000.0,1049.0,2.0,2.0,37.379,1,0,0,0,0,0,2,2,6,4
37,139950.0,51809.0,2.0,2.0,37.03,18,2,1,0,0,0,1,1,1,4
37,279000.0,11318.0,5.0,4.0,37.336,3,0,0,0,0,0,1,4,0,0
37,279950.0,39203.0,5.0,5.0,37.336,5,2,0,0,0,0,1,1,0,0
37,289980.0,14000.0,2.0,2.0,37.379,6,4,0,0,0,0,2,1,5,4
37,139000.0,33000.0,2.0,2.0,37.03,16,1,0,0,0,0,1,1,2,6
37,225000.0,45053.0,5.0,5.0,37.336,5,1,0,0,0,0,1,3,1,3
37,270000.0,19400.0,2.0,2.0,37.379,6,1,0,0,0,0,1,1,0,4
37,244950.0,89500.0,5.0,5.0,37.336,5,2,0,0,0,0,1,1,0,0
37,279990.0,22000.0,4.0,5.0,37.336,3,1,0,0,0,0,1,2,0,0
37,349900.0,45000.0,4.0,5.0,37.336,5,4,0,0,0,0,1,1,1,4
37,325000.0,13896.0,5.0,4.0,37.336,2,0,0,0,0,0,1,4,0,0
37,400000.0,4193.0,2.0,2.0,37.379,3,1,0,0,0,0,2,4,6,4
37,259999.0,28774.0,5.0,4.0,37.336,4,0,0,0,0,0,1,1,1,0
37,266000.0,14200.0,2.0,2.0,37.379,4,1,0,0,0,0,1,1,0,4
37,395000.0,1836.0,5.0,5.0,37.336,1,1,0,0,0,0,1,0,1,4
37,359850.0,19812.0,2.0,2.0,37.684,6,0,0,0,0,0,1,1,6,4
37,224990.0,54000.0,5.0,5.0,37.336,6,1,0,0,0,0,1,1,3,0
37,139990.0,32085.0,2.0,2.0,37.03,12,1,0,0,0,0,2,2,10,4
37,279900.0,64000.0,5.0,5.0,37.336,2,1,0,0,0,0,1,1,3,3
37,365000.0,8800.0,4.0,5.0,37.336,1,1,0,0,0,0,1,4,2,0
37,326000.0,300.0,2.0,2.0,37.379,2,1,0,0,0,0,2,0,11,4
37,265000.0,59900.0,5.0,5.0,37.336,5,1,0,0,0,0,1,1,3,0
37,950000.0,550.0,2.0,2.0,37.684,3,1,0,0,0,2,1,1,2,6
37,284990.0,9500.0,5.0,5.0,37.336,4,5,0,0,0,0,1,0,0,0
37,305000.0,4535.0,2.0,2.0,37.379,3,1,0,0,0,0,1,3,6,6
37,175000.0,50000.0,2.0,2.0,37.03,21,1,1,0,0,0,1,0,1,4
37,233000.0,71455.0,5.0,5.0,37.336,4,1,0,0,0,0,1,0,1,4
37,474500.0,5800.0,2.0,2.0,37.684,4,1,0,0,0,0,1,2,9,4
37,268000.0,69500.0,5.0,5.0,37.336,5,1,0,0,0,0,1,1,0,0
37,109900.0,50900.0,2.0,2.0,37.03,15,5,0,0,0,0,1,0,2,6
37,392000.0,1367.0,4.0,5.0,37.336,4,1,0,0,0,0,1,0,2,4
37,189999.0,140715.0,5.0,4.0,37.336,7,0,0,0,0,0,1,1,1,0
37,265000.0,43650.0,5.0,5.0,37.336,5,1,0,0,0,0,1,1,0,0
37,319900.0,20580.0,2.0,2.0,37.379,3,1,0,0,0,0,1,1,1,6
37,94990.0,29000.0,2.0,2.0,37.03,18,5,0,0,0,0,1,0,3,4
37,599999.0,21908.0,2.0,2.0,37.684,4,0,0,0,0,0,1,4,0,6
37,345000.0,8500.0,4.0,4.0,37.336,3,1,0,0,0,0,1,0,3,0
37,88500.0,55700.0,2.0,2.0,37.03,20,3,0,0,0,0,1,1,4,4
37,189000.0,179000.0,5.0,5.0,37.336,5,1,0,0,0,0,1,1,0,0
37,199999.0,99900.0,5.0,5.0,37.336,5,3,0,0,0,0,1,1,0,0
37,272000.0,11900.0,2.0,2.0,37.379,4,0,0,0,0,0,2,2,11,4
37,229000.0,44000.0,5.0,5.0,37.336,6,1,0,0,0,0,1,1,0,0
37,388900.0,18000.0,2.0,2.0,37.684,5,1,0,0,0,0,1,4,0,4
37,245000.0,21000.0,2.0,2.0,37.379,7,1,0,0,0,0,1,1,2,6
37,98900.0,72900.0,2.0,2.0,37.03,18,1,2,0,0,0,1,0,2,6
37,520000.0,10.0,5.0,5.0,37.336,0,1,0,0,0,1,1,1,0,0
37,257900.0,31450.0,2.0,2.0,37.379,5,1,0,0,0,0,1,0,1,4
37,84990.0,47000.0,2.0,2.0,37.03,22,6,0,0,0,0,1,1,0,4
37,699900.0,2900.0,2.0,2.0,37.999,1,6,1,2,0,0,1,0,0,4
37,595900.0,1250.0,2.0,2.0,37.684,6,6,0,0,0,0,1,4,5,4
37,191900.0,46000.0,2.0,2.0,37.379,10,6,0,0,0,0,1,1,0,4
37,359000.0,1400.0,2.0,2.0,37.379,1,6,0,0,0,0,1,2,0,4
37,299990.0,5500.0,5.0,5.0,37.336,2,6,0,0,0,0,1,0,6,0
37,244890.0,22800.0,2.0,2.0,37.684,12,0,0,0,0,0,1,4,5,4
37,249990.0,47800.0,2.0,2.0,37.379,5,0,0,0,0,0,1,4,1,6
37,289900.0,11700.0,2.0,2.0,37.684,11,6,0,0,0,0,1,0,1,4
37,376990.0,14000.0,2.0,2.0,37.684,8,6,0,0,0,0,1,1,0,4
37,99990.0,82000.0,4.0,2.0,37.001,51,6,1,0,0,0,2,1,2,4
37,239900.0,15000.0,5.0,5.0,37.336,3,5,0,0,0,0,1,0,2,0
37,399900.0,10000.0,4.0,5.0,37.336,2,0,0,0,0,0,1,4,11,0
37,449000.0,400.0,2.0,2.0,37.379,3,6,0,0,0,0,2,4,3,4
37,280000.0,5287.0,2.0,2.0,37.39,33,6,1,0,0,0,1,1,5,4
37,429900.0,2999.0,5.0,5.0,37.336,2,6,2,0,0,0,1,4,6,0
37,289000.0,18000.0,2.0,2.0,37.379,7,6,0,0,0,0,1,4,4,4
37,284900.0,21900.0,2.0,2.0,37.684,13,6,0,0,0,0,1,1,0,4
37,655000.0,2600.0,2.0,2.0,37.684,3,6,0,0,0,0,2,2,0,4
37,419900.0,22350.0,2.0,2.0,37.684,6,6,0,0,0,0,1,0,0,6
37,655900.0,1990.0,2.0,2.0,37.684,3,6,0,0,0,0,1,2,3,4
37,99000.0,25400.0,2.0,2.0,37.03,17,6,2,0,0,0,1,1,4,6
37,479990.0,8000.0,2.0,2.0,37.684,9,6,0,0,0,0,1,4,2,6
34,99950.0,48489.0,2.0,2.0,34.037,10,3,0,0,0,0,2,1,0,4
34,179900.0,30174.0,4.0,3.0,34.026,4,0,0,0,0,0,2,1,0,4
34,389000.0,40.0,2.0,2.0,34.037,1,0,2,0,0,2,2,1,1,4
34,143000.0,16000.0,2.0,2.0,34.037,2,1,0,0,0,0,2,3,0,4
34,119990.0,65053.0,4.0,2.0,34.026,8,3,0,0,0,0,2,1,6,4
34,109950.0,38000.0,5.0,2.0,34.026,8,0,0,0,0,0,1,1,5,4
34,145000.0,18621.0,2.0,2.0,34.037,4,1,2,0,0,0,1,2,0,4
34,241195.0,11464.0,4.0,2.0,34.056,2,0,0,0,0,3,2,1,12,4
34,1360000.0,50.0,2.0,2.0,34.037,0,1,0,0,0,1,2,2,6,6
34,214900.0,33642.0,4.0,2.0,34.038,6,0,0,0,0,0,2,1,2,4
34,149510.0,19550.0,2.0,2.0,34.037,4,0,0,0,0,0,1,1,1,6
34,275000.0,3000.0,2.0,2.0,34.037,1,1,0,0,0,4,2,3,6,4
34,179500.0,7330.0,5.0,5.0,34.04,2,0,0,0,0,3,1,1,0,0
34,339900.0,150.0,4.0,3.0,34.038,1,0,0,0,0,3,2,1,5,4
34,239900.0,35663.0,4.0,3.0,34.038,6,0,0,0,0,0,2,1,5,4
34,67500.0,22500.0,4.0,3.0,34.01,35,0,0,0,0,0,1,1,0,4
34,157007.0,4500.0,2.0,2.0,34.019,2,0,0,0,0,0,2,4,0,4
34,489980.0,69.0,2.0,2.0,34.037,0,4,0,0,0,1,2,1,4,4
34,309980.0,143.0,5.0,5.0,34.04,0,4,2,0,0,1,1,1,0,0
34,329950.0,4946.0,4.0,2.0,34.056,1,2,0,0,0,0,2,1,4,6
34,78000.0,72423.0,2.0,2.0,34.034,23,1,0,0,0,0,2,1,4,4
34,63900.0,30720.0,2.0,2.0,34.037,17,5,0,0,0,0,2,0,0,4
34,89950.0,24307.0,4.0,2.0,34.01,13,2,0,0,0,0,2,1,7,4
34,199980.0,8771.0,2.0,2.0,34.037,2,4,0,0,0,0,0,0,0,6
34,164000.0,29691.0,5.0,5.0,34.04,4,1,0,0,0,0,1,1,1,0
34,215000.0,64.0,2.0,2.0,34.037,4,1,2,0,0,0,1,4,6,6
34,189888.0,45000.0,4.0,2.0,34.034,7,0,0,0,0,0,2,1,0,4
34,64900.0,25500.0,4.0,2.0,34.008,20,1,2,0,0,0,1,1,0,4
34,180888.0,9600.0,5.0,4.0,34.04,2,0,0,0,0,0,1,1,4,0
34,134950.0,23557.0,2.0,2.0,34.037,13,2,1,0,0,0,2,4,3,4
34,129880.0,9989.0,2.0,3.0,34.019,2,0,0,0,0,0,1,1,0,4
34,145007.0,5999.0,2.0,2.0,34.019,1,0,0,0,0,3,2,1,1,4
34,175007.0,1900.0,2.0,2.0,34.019,2,0,0,0,0,0,2,4,5,4
34,137450.0,57201.0,4.0,2.0,34.038,16,2,0,0,0,0,2,1,0,6
34,119000.0,48249.0,2.0,2.0,34.037,6,1,0,0,0,0,2,4,0,4
34,249950.0,14013.0,4.0,2.0,34.038,6,2,0,0,0,0,2,1,5,4
34,189007.0,8200.0,2.0,2.0,34.019,2,0,0,0,0,0,2,4,6,4
34,189900.0,4500.0,5.0,5.0,34.04,2,0,0,0,0,0,1,1,2,0
34,195000.0,74701.0,5.0,5.0,34.04,2,1,0,0,0,0,1,3,1,0
34,149000.0,40366.0,4.0,2.0,34.026,5,1,0,0,0,0,2,3,4,4
34,230000.0,0.0,5.0,5.0,34.04,0,1,0,0,0,1,1,1,4,0
34,229000.0,9904.0,5.0,5.0,34.04,1,1,0,0,0,0,1,1,5,0
34,189900.0,5870.0,4.0,2.0,34.026,3,2,0,0,0,0,2,1,0,4
34,799875.0,1887.0,4.0,4.0,34.179,10,2,0,0,0,0,2,1,5,1
34,252500.0,50.0,4.0,2.0,34.056,0,1,0,0,0,1,2,1,6,4
34,99950.0,48489.0,2.0,2.0,34.037,10,3,0,0,0,0,2,1,0,4
34,199998.0,18000.0,2.0,2.0,34.037,1,3,0,0,1,0,1,4,6,4
34,4300000.0,80.0,2.0,2.0,34.999,1,6,0,2,0,0,2,3,1,4
34,139900.0,38000.0,2.0,2.0,34.037,15,6,1,0,0,0,1,1,6,4
34,109900.0,60830.0,2.0,2.0,34.037,15,6,1,0,0,0,1,1,0,4
34,109700.0,35173.0,2.0,2.0,34.019,5,0,0,0,0,0,2,1,1,4
34,119990.0,40000.0,2.0,2.0,34.037,6,6,0,0,0,0,2,1,1,4
34,132000.0,68000.0,4.0,2.0,34.038,17,6,1,0,0,0,2,4,5,4
34,139000.0,63700.0,5.0,5.0,34.04,3,5,0,0,0,0,1,0,1,0
34,97700.0,86000.0,2.0,5.0,34.019,7,0,0,0,0,0,2,1,4,4
34,159007.0,5400.0,2.0,2.0,34.019,2,0,0,0,0,0,2,1,6,4
34,164007.0,5902.0,5.0,2.0,34.026,1,0,0,0,0,0,2,1,4,4
34,489980.0,69.0,2.0,2.0,34.037,0,4,0,0,0,1,2,1,4,4
34,67900.0,62900.0,2.0,2.0,34.019,14,7,0,0,0,0,1,1,3,4
34,237007.0,11500.0,4.0,2.0,34.038,6,0,0,0,0,0,2,1,0,4
34,215007.0,0.0,5.0,4.0,34.04,0,0,0,0,0,1,1,1,11,0
34,175007.0,12990.0,5.0,5.0,34.04,3,0,0,0,0,0,1,1,1,0
34,249900.0,23900.0,4.0,2.0,34.038,6,6,0,0,0,0,2,1,1,4
34,247888.0,100.0,4.0,3.0,34.056,1,0,0,0,0,2,2,1,4,4
34,243950.0,2382.0,2.0,3.0,34.056,1,0,0,0,0,3,2,4,4,4
34,138888.0,13950.0,4.0,3.0,34.026,8,0,0,0,0,0,2,1,3,4
34,109700.0,25700.0,4.0,2.0,34.008,12,0,0,0,0,0,2,1,1,6
34,149007.0,10990.0,5.0,2.0,34.026,1,0,0,0,0,0,2,1,11,4
34,64990.0,51000.0,4.0,3.0,34.008,17,6,0,0,0,0,1,0,0,6
34,248000.0,12000.0,5.0,2.0,34.034,6,6,0,0,0,0,1,1,0,4
34,69455.0,78950.0,4.0,2.0,34.029,19,6,0,0,0,0,1,1,0,6
34,129517.0,72340.0,2.0,3.0,34.038,16,6,0,0,0,0,1,1,0,4
34,185900.0,24500.0,4.0,2.0,34.038,15,6,0,0,0,0,1,0,4,6
34,179900.0,30174.0,4.0,3.0,34.026,4,0,0,0,0,0,2,1,0,4
34,157517.0,51000.0,4.0,2.0,34.029,15,6,0,0,0,0,1,1,0,6
34,150000.0,29000.0,4.0,2.0,34.034,21,5,0,0,0,0,1,0,3,4
34,104000.0,37500.0,2.0,2.0,34.038,14,0,0,0,0,0,1,1,1,4
34,86900.0,6900.0,2.0,2.0,34.019,7,0,0,0,0,0,1,1,1,4
34,69999.0,45483.0,4.0,2.0,34.037,16,3,0,0,0,0,1,1,0,6
34,64950.0,36100.0,2.0,2.0,34.037,16,3,0,0,0,0,2,1,4,4
34,112990.0,25325.0,4.0,2.0,34.026,8,0,0,0,0,0,1,1,9,4
34,69900.0,86126.0,4.0,4.0,34.011,12,0,0,0,0,0,1,1,7,4
34,279000.0,5000.0,5.0,4.0,34.04,2,0,0,0,0,0,1,1,6,0
34,124990.0,49000.0,2.0,2.0,34.037,3,3,0,0,0,0,2,1,4,4
34,98500.0,146.0,4.0,4.0,34.011,0,0,0,0,0,1,2,1,4,4
34,149900.0,49500.0,2.0,2.0,34.038,17,3,1,0,0,0,1,1,4,4
34,119007.0,52500.0,5.0,5.0,34.04,4,0,0,0,0,0,1,1,4,0
34,134990.0,48200.0,4.0,2.0,34.026,7,0,0,0,0,0,2,1,0,4
34,69985.0,4200.0,4.0,2.0,34.008,21,0,0,0,0,0,2,1,5,4
34,240000.0,28500.0,4.0,2.0,34.034,7,0,0,0,0,0,1,1,0,6
33,373500.0,100.0,4.0,2.0,33.043,0,0,0,2,0,0,1,1,2,4
33,95900.0,40820.0,4.0,2.0,33.043,6,0,0,0,0,0,2,1,2,4
33,198350.0,15333.0,5.0,5.0,33.066,3,0,0,0,0,0,1,1,0,0
33,99850.0,71049.0,5.0,4.0,33.041,13,0,0,0,0,0,1,1,0,1
33,398800.0,65.0,4.0,2.0,33.043,0,0,0,2,0,1,1,1,0,6
33,169000.0,57622.0,5.0,4.0,33.068,4,0,0,0,0,0,1,1,1,1
33,135800.0,44000.0,4.0,4.0,33.066,5,0,0,2,0,0,1,1,6,0
33,97900.0,86100.0,4.0,2.0,33.043,9,3,0,0,0,0,1,4,0,4
33,167900.0,57510.0,5.0,5.0,33.041,8,0,0,0,0,0,1,1,13,1
33,184000.0,57622.0,5.0,4.0,33.068,4,0,0,0,0,0,1,1,1,1
33,201870.0,187.0,5.0,4.0,33.068,0,0,0,0,0,1,1,1,0,1
33,68900.0,124000.0,4.0,2.0,33.043,12,0,0,0,0,0,1,1,2,4
33,76199.0,54500.0,4.0,2.0,33.043,11,1,0,0,0,0,1,1,0,4
33,69000.0,80700.0,4.0,3.0,33.043,14,5,0,0,0,0,1,0,0,4
33,373500.0,100.0,4.0,2.0,33.043,0,0,0,2,0,0,1,1,2,4
33,267770.0,500.0,4.0,5.0,33.066,1,0,0,0,0,4,1,1,2,0
33,74900.0,67000.0,4.0,4.0,33.046,8,1,0,0,0,0,1,1,1,1
33,252970.0,19300.0,5.0,5.0,33.068,2,0,0,0,0,0,1,0,0,1
33,395000.0,100.0,4.0,2.0,33.043,1,1,0,0,0,0,1,0,0,4
33,269900.0,62.0,5.0,4.0,33.068,0,2,0,2,0,0,1,1,6,1
33,228888.0,5900.0,4.0,2.0,33.046,1,0,0,0,0,0,1,1,4,4
33,189900.0,41949.0,4.0,2.0,33.067,16,5,0,0,0,0,2,0,4,1
33,169900.0,59000.0,4.0,2.0,33.043,6,0,0,0,0,0,1,1,0,4
33,376873.0,50.0,4.0,3.0,33.046,0,0,0,2,0,1,1,1,0,4
33,189999.0,61250.0,4.0,2.0,33.046,6,0,0,0,0,0,1,1,0,4
33,340392.0,50.0,5.0,5.0,33.068,0,0,0,2,0,1,1,1,3,1
33,393399.0,50.0,4.0,3.0,33.046,0,0,0,2,0,1,1,1,3,6
33,62000.0,114000.0,4.0,2.0,33.046,15,1,0,0,0,0,1,1,1,4
33,74900.0,16500.0,4.0,3.0,33.046,21,1,0,0,0,0,1,1,1,4
33,289970.0,33470.0,4.0,3.0,33.046,6,4,0,0,0,0,2,1,2,6
33,209900.0,5750.0,5.0,4.0,33.068,3,5,0,2,0,0,1,0,4,1
33,219900.0,29875.0,5.0,4.0,33.068,2,2,0,2,0,0,1,1,3,1
33,73900.0,68965.0,5.0,4.0,33.068,11,2,0,0,0,0,1,1,1,1
33,215000.0,29564.0,4.0,2.0,33.043,6,1,0,0,0,0,1,1,3,4
33,63000.0,47970.0,4.0,2.0,33.046,15,1,2,0,0,0,1,3,0,6
33,163999.0,41000.0,4.0,2.0,33.043,7,0,0,0,0,0,1,1,0,4
33,268888.0,7900.0,4.0,5.0,33.066,2,0,0,0,0,0,1,1,0,0
33,147500.0,23091.0,4.0,2.0,33.043,7,2,0,0,0,0,1,1,0,6
33,228888.0,5900.0,4.0,4.0,33.068,2,0,0,2,0,0,1,1,5,1
33,177777.0,20900.0,4.0,2.0,33.046,7,0,0,0,0,0,1,1,0,6
33,258888.0,3900.0,4.0,2.0,33.046,2,0,0,0,0,0,1,4,3,4
33,112000.0,18287.0,4.0,2.0,33.029,23,1,0,0,0,0,2,1,3,6
33,208888.0,42900.0,5.0,5.0,33.066,4,0,0,0,0,0,1,1,4,0
33,269700.0,6100.0,4.0,2.0,33.046,2,5,0,0,0,0,1,0,10,6
33,95900.0,40820.0,4.0,2.0,33.043,6,0,0,0,0,0,2,1,2,4
33,64990.0,112000.0,5.0,2.0,33.046,11,6,0,0,0,0,1,0,10,4
33,299659.0,14000.0,4.0,2.0,33.046,2,6,0,0,0,0,1,1,0,6
33,64990.0,42757.0,4.0,2.0,33.046,18,6,0,0,0,0,1,1,1,6
33,69990.0,64900.0,2.0,2.0,33.043,14,6,0,0,0,0,1,1,0,4
33,345594.0,48.0,5.0,4.0,33.068,0,0,0,2,0,1,1,1,0,1
33,199000.0,90000.0,5.0,4.0,33.041,7,0,0,0,1,0,1,4,6,1
33,129000.0,56600.0,5.0,5.0,33.066,8,0,0,1,1,0,1,1,0,0
33,139900.0,29500.0,7.0,5.0,33.066,8,5,0,1,0,0,1,0,0,0
33,169900.0,14200.0,5.0,4.0,33.068,4,6,0,0,0,0,1,1,1,1
33,198350.0,15333.0,5.0,5.0,33.066,3,0,0,0,0,0,1,1,0,0
33,139900.0,38103.0,4.0,2.0,33.046,8,5,0,0,0,0,1,0,0,4
33,79990.0,54900.0,5.0,2.0,33.046,11,6,0,0,0,0,1,0,1,4
33,139990.0,11500.0,5.0,4.0,33.041,10,6,0,0,0,0,1,1,2,1
33,76990.0,35560.0,5.0,2.0,33.046,14,6,0,0,0,0,1,1,3,6
33,189990.0,32000.0,4.0,2.0,33.046,6,6,2,0,0,0,1,1,0,4
33,218990.0,9200.0,5.0,5.0,33.066,4,6,0,2,0,0,1,1,7,0
33,219900.0,49500.0,5.0,5.0,33.066,3,5,0,0,0,0,1,0,1,0
33,139999.0,39249.0,4.0,2.0,33.043,7,0,0,0,0,0,1,1,2,6
33,99850.0,71049.0,5.0,4.0,33.041,13,0,0,0,0,0,1,1,0,1
33,98000.0,45200.0,4.0,2.0,33.029,27,5,0,0,0,0,2,0,3,6
33,94900.0,85000.0,4.0,2.0,33.046,13,6,0,0,0,0,1,1,0,6
33,94900.0,55207.0,4.0,2.0,33.043,11,6,0,0,0,0,1,0,0,4
33,114900.0,82000.0,4.0,2.0,33.046,34,6,0,0,0,0,2,1,0,6
33,123900.0,27932.0,4.0,2.0,33.046,8,6,0,0,0,0,1,1,2,4
33,268000.0,8300.0,4.0,2.0,33.046,2,5,0,0,0,0,1,0,1,6
33,169990.0,73600.0,4.0,2.0,33.046,6,6,0,0,0,0,2,1,0,4
33,317000.0,8900.0,4.0,2.0,33.046,2,5,0,0,0,0,1,0,0,6
33,69000.0,78000.0,5.0,4.0,33.001,16,0,0,0,0,0,1,1,0,1
33,67950.0,88200.0,5.0,4.0,33.068,11,3,0,0,0,0,2,1,1,1
33,85000.0,69534.0,4.0,2.0,33.043,11,0,0,0,0,0,1,1,0,6
33,84950.0,128000.0,5.0,4.0,33.041,11,3,0,0,0,0,2,1,4,1
33,92900.0,86000.0,5.0,4.0,33.066,8,0,0,0,0,0,1,1,1,0
33,215999.0,6235.0,5.0,4.0,33.066,1,0,0,0,0,0,1,1,0,0
35,99900.0,96900.0,4.0,2.0,35.347,15,0,0,0,0,0,2,1,0,4
35,119000.0,65825.0,5.0,4.0,35.403,20,0,0,0,0,0,1,1,3,1
35,579999.0,7600.0,5.0,4.0,35.999,6,0,0,0,0,0,1,1,2,0
35,198000.0,83000.0,4.0,3.0,35.364,10,4,0,0,0,0,1,1,2,4
35,239500.0,5000.0,4.0,2.0,35.364,9,0,0,0,0,0,1,1,0,4
35,114980.0,59500.0,5.0,4.0,35.347,13,0,0,0,0,0,2,1,2,1
35,259000.0,21000.0,5.0,4.0,35.347,4,0,0,0,0,0,1,1,2,1
35,345990.0,3800.0,5.0,4.0,35.347,2,0,0,0,0,3,1,1,3,1
35,449950.0,16648.0,2.0,2.0,35.364,5,2,0,0,0,0,2,1,0,4
35,128990.0,50000.0,4.0,4.0,35.347,15,4,0,0,0,0,1,1,3,1
35,449000.0,20000.0,5.0,5.0,35.999,3,1,0,0,0,0,1,0,0,0
35,91000.0,168000.0,5.0,4.0,35.403,15,1,0,0,0,0,2,1,0,1
35,199900.0,82581.0,5.0,4.0,35.403,16,2,0,0,0,0,1,1,0,1
35,119000.0,65825.0,5.0,4.0,35.403,20,0,0,0,0,0,1,1,3,1
35,370000.0,7370.0,5.0,4.0,35.347,2,1,0,0,0,0,2,1,1,1
35,129900.0,59939.0,5.0,4.0,35.347,15,2,0,0,0,0,2,1,1,1
35,170000.0,108000.0,5.0,4.0,35.403,17,5,0,0,0,0,2,0,1,1
35,599980.0,39584.0,5.0,5.0,35.999,6,4,0,0,0,0,1,1,0,0
35,249900.0,16900.0,4.0,2.0,35.418,12,6,0,0,0,0,1,1,2,6
35,458900.0,27500.0,4.0,4.0,35.403,6,6,0,0,0,0,2,1,3,1
35,190000.0,22000.0,4.0,2.0,35.403,15,6,0,0,0,0,1,1,0,4
35,334990.0,42000.0,5.0,5.0,35.999,6,6,0,0,0,0,1,0,3,0
35,109900.0,85000.0,5.0,4.0,35.347,15,6,0,0,0,0,1,1,3,1
35,120000.0,83000.0,5.0,4.0,35.347,12,6,0,0,0,0,1,1,7,1
35,134990.0,20900.0,5.0,4.0,35.347,15,6,0,0,0,0,1,0,3,1
35,122000.0,70070.0,5.0,4.0,35.347,13,6,0,0,0,0,1,1,0,1
35,129900.0,86690.0,5.0,4.0,35.403,19,6,0,0,0,0,1,1,0,1
35,209900.0,46500.0,4.0,2.0,35.403,17,6,0,0,0,0,2,1,1,6
35,199900.0,26000.0,4.0,2.0,35.403,17,6,0,0,0,0,1,1,2,4
35,219000.0,160000.0,5.0,4.0,35.403,11,0,0,0,1,0,1,4,1,1
35,94900.0,93000.0,5.0,4.0,35.347,15,0,0,0,0,0,1,1,2,1
35,689890.0,50.0,4.0,4.0,35.999,0,0,0,0,0,0,1,1,0,0
35,194000.0,71200.0,4.0,2.0,35.364,11,0,0,0,0,0,1,1,0,4
35,349900.0,125.0,5.0,4.0,35.999,5,0,0,0,0,0,1,1,6,0
35,229000.0,4970.0,5.0,4.0,35.403,11,0,0,0,0,0,1,1,13,1
35,235620.0,44500.0,5.0,4.0,35.347,7,0,0,0,0,0,1,1,0,1
35,188888.0,75200.0,5.0,4.0,35.347,11,0,0,0,0,0,1,1,0,1
35,189000.0,30000.0,5.0,4.0,35.115,64,0,0,0,0,0,2,1,13,1
35,97000.0,80000.0,4.0,2.0,35.091,39,0,0,0,0,5,2,1,6,6
35,539000.0,8000.0,4.0,5.0,35.999,2,0,0,0,0,0,1,1,0,0
35,94000.0,35000.0,4.0,4.0,35.115,59,0,1,0,0,5,0,0,2,1
35,579999.0,7600.0,5.0,4.0,35.999,6,0,0,0,0,0,1,1,2,0
35,158000.0,109000.0,4.0,2.0,35.364,10,0,0,0,0,0,1,1,4,4
35,99950.0,82000.0,5.0,5.0,35.347,14,3,0,0,0,0,1,1,1,1
35,389900.0,37270.0,5.0,4.0,35.999,5,0,0,0,0,0,1,1,0,0
35,599900.0,1429.0,5.0,4.0,35.999,3,0,0,0,0,0,1,1,0,0
35,189000.0,68500.0,4.0,2.0,35.364,11,2,0,0,1,0,2,1,0,4
35,61000.0,60700.0,4.0,2.0,35.091,23,5,0,0,0,0,1,0,0,6
35,455600.0,15000.0,4.0,4.0,35.999,3,3,0,0,0,0,1,1,0,0
35,198000.0,83000.0,4.0,3.0,35.364,10,4,0,0,0,0,1,1,2,4
35,379990.0,6100.0,5.0,4.0,35.347,2,6,0,0,1,0,1,0,0,1
35,459800.0,9550.0,5.0,2.0,35.975,1,2,0,3,0,0,1,1,1,4
35,474950.0,14466.0,4.0,2.0,35.975,1,2,0,3,0,0,1,1,0,4
35,99750.0,72890.0,5.0,4.0,35.403,20,0,0,0,0,0,2,0,4,1
35,173900.0,139981.0,4.0,2.0,35.364,10,0,0,0,0,0,1,1,0,4
35,305000.0,18423.0,5.0,4.0,35.347,3,6,0,0,1,0,2,0,0,1
35,355000.0,33237.0,5.0,4.0,35.347,4,2,0,0,0,0,2,1,1,1
35,63000.0,23700.0,5.0,4.0,35.115,61,0,1,0,1,0,0,1,3,1
35,699125.0,50.0,4.0,4.0,35.999,0,0,0,0,0,1,1,1,0,0
35,130000.0,48500.0,4.0,4.0,35.347,12,0,0,0,1,0,2,1,2,1
35,698530.0,32.0,5.0,4.0,35.999,0,0,0,0,0,2,1,1,0,0
35,375000.0,23651.0,4.0,2.0,35.641,5,0,0,0,0,0,1,1,0,6
35,179750.0,38200.0,4.0,2.0,35.364,10,0,0,0,0,0,2,1,0,4
35,490000.0,164.0,4.0,2.0,35.975,1,6,0,3,1,0,1,0,1,4
35,349000.0,45200.0,5.0,4.0,35.347,3,0,0,0,0,0,1,1,0,1
35,544585.0,2250.0,4.0,2.0,35.975,1,0,0,3,0,0,1,1,2,4
35,400000.0,15000.0,5.0,4.0,35.347,2,1,0,0,1,0,1,1,0,1
35,89900.0,18340.0,4.0,2.0,35.091,46,0,1,0,1,0,2,1,13,6
30,114072.0,10.0,2.0,2.0,30.939,0,0,0,0,0,1,2,1,5,4
30,95535.0,6816.0,2.0,2.0,30.939,2,0,0,0,0,0,2,1,0,4
30,107711.0,40.0,2.0,2.0,30.939,1,0,0,0,0,2,2,1,3,4
30,63800.0,999999.0,2.0,2.0,30.809,18,0,1,0,0,0,2,1,0,4
30,189980.0,10.0,2.0,2.0,30.809,0,0,0,0,0,1,1,1,0,6
30,159777.0,7703.0,2.0,2.0,30.809,7,0,0,0,0,0,2,1,5,4
30,112572.0,10.0,2.0,2.0,30.939,0,0,0,0,0,1,2,1,5,4
30,124890.0,0.0,2.0,3.0,30.939,0,0,0,0,0,1,1,4,5,6
30,127999.0,6100.0,2.0,2.0,30.939,4,0,0,0,0,3,1,2,3,4
30,113755.0,30.0,2.0,2.0,30.939,0,0,0,0,0,1,1,0,1,4
30,84990.0,38242.0,2.0,2.0,30.939,5,0,0,0,0,0,1,1,7,4
30,164990.0,28000.0,2.0,2.0,30.809,9,6,0,0,0,0,2,2,0,4
30,104990.0,23000.0,2.0,2.0,30.999,16,6,1,0,0,0,2,1,0,4
30,95535.0,6816.0,2.0,2.0,30.939,2,0,0,0,0,0,2,1,0,4
30,61990.0,17500.0,2.0,2.0,30.809,18,6,1,0,0,0,2,1,10,4
30,103000.0,26000.0,2.0,2.0,30.711,63,1,1,0,1,5,2,1,2,6
30,139900.0,500.0,5.0,5.0,30.939,2,6,0,0,0,0,2,4,5,6
30,60990.0,25000.0,2.0,2.0,30.425,10,0,1,0,0,0,2,1,3,4
30,139900.0,35000.0,2.0,2.0,30.999,11,0,1,0,0,0,1,1,1,4
30,94999.0,19520.0,2.0,2.0,30.425,6,0,0,0,0,0,2,1,2,4
30,74999.0,57000.0,2.0,2.0,30.809,9,0,0,0,0,0,1,2,10,4
30,189950.0,10.0,2.0,2.0,30.939,0,2,0,0,0,0,1,0,1,4
30,79900.0,4118.0,2.0,2.0,30.588,60,0,1,0,0,5,1,0,0,6
30,85500.0,45500.0,2.0,2.0,30.809,9,0,0,0,0,0,1,2,5,6
30,74999.0,52000.0,2.0,2.0,30.809,8,0,0,0,0,0,1,2,4,4
30,118888.0,18.0,5.0,2.0,30.939,1,0,0,0,0,2,1,1,4,6
30,109900.0,18.0,5.0,2.0,30.939,1,0,0,0,0,2,1,1,0,4
30,69900.0,31023.0,2.0,2.0,30.425,9,0,1,0,0,0,1,1,5,4
30,107711.0,40.0,2.0,2.0,30.939,1,0,0,0,0,2,2,1,3,4
30,123890.0,25.0,2.0,3.0,30.939,0,0,0,0,0,1,2,1,1,6
30,69900.0,11100.0,2.0,2.0,30.425,9,0,0,0,0,0,1,1,1,4
30,72990.0,15995.0,2.0,2.0,30.809,7,0,0,0,0,0,1,1,0,4
30,63490.0,7562.0,2.0,2.0,30.425,8,0,1,0,0,0,1,1,1,6
30,86660.0,33997.0,2.0,2.0,30.939,3,0,0,0,0,0,1,1,0,4
30,85000.0,99415.0,2.0,2.0,30.711,69,0,1,0,1,5,2,3,0,6
30,149900.0,20.0,2.0,2.0,30.939,1,0,0,0,0,0,1,4,6,4
30,68450.0,47021.0,2.0,2.0,30.425,8,0,0,0,0,0,1,1,2,6
30,189980.0,10.0,2.0,2.0,30.809,0,0,0,0,0,1,1,1,0,6
30,121960.0,25.0,2.0,3.0,30.939,0,0,0,0,0,1,2,1,3,6
30,105000.0,24000.0,2.0,2.0,30.268,16,0,1,0,1,0,2,1,1,4
30,89990.0,35500.0,2.0,2.0,30.809,10,0,0,0,1,0,2,1,0,7
30,89998.0,37446.0,2.0,2.0,30.939,4,0,0,0,0,0,1,1,9,6
30,114999.0,2500.0,2.0,2.0,30.939,2,1,0,0,1,0,2,0,0,6
30,84999.0,3381.0,5.0,2.0,30.939,2,0,0,0,0,0,1,1,9,4
30,159777.0,7703.0,2.0,2.0,30.809,7,0,0,0,0,0,2,1,5,4
30,99500.0,755.0,2.0,2.0,30.939,2,7,0,0,1,0,2,0,2,6
30,95500.0,6900.0,5.0,2.0,30.939,2,0,0,0,0,0,1,1,1,6
30,199980.0,15.0,2.0,2.0,30.939,0,0,0,0,0,1,2,1,1,4
30,75000.0,24300.0,2.0,2.0,30.425,11,4,1,0,0,0,2,1,0,4
30,89900.0,2800.0,2.0,2.0,30.711,63,0,1,0,0,0,1,1,0,6
30,79000.0,20500.0,2.0,2.0,30.809,13,0,1,0,0,0,2,4,3,4
30,94990.0,11080.0,2.0,2.0,30.939,2,3,0,0,0,0,1,4,0,6
30,86990.0,33846.0,2.0,4.0,30.939,3,0,0,0,0,0,1,1,1,4
30,65000.0,20064.0,2.0,3.0,30.425,10,0,0,0,1,0,1,5,3,4
30,144900.0,3500.0,2.0,2.0,30.939,4,4,0,2,0,0,2,1,3,6
30,70500.0,29874.0,2.0,2.0,30.809,10,0,0,0,0,0,1,1,3,6
